fp_bits,fp_density,fp_gen_secs,train_frac,repeat,n_pos_train,n_neg_train,n_pos_test,n_neg_test,model,inner_cv_splits,inner_cv_metric,inner_cv_mean,best_params,fit_secs,pred_secs,ROC-AUC,PRC-AUC,Average Precision,Accuracy,F1 Score,MCC,Recall,Precision,TN,FP,FN,TP,False Positive Rate
1024,0.045539844781160355,2.3731164932250977,0.05,0,19,38,94,188,XGBoost,5,roc_auc,0.8071428571428572,"{""learning_rate"": 0.03, ""max_depth"": 6, ""n_estimators"": 600}",7.181086778640747,0.002698659896850586,0.8367756903576279,0.7082104758802135,0.7098101517749719,0.7730496453900709,0.6952380952380952,0.5248548179973894,0.776595744680851,0.6293103448275862,145,43,21,73,0.22872340425531915
1024,0.045539844781160355,2.3731164932250977,0.05,0,19,38,94,188,LogReg,5,roc_auc,0.8535714285714286,"{""C"": 0.1}",0.1669447422027588,0.0013468265533447266,0.773596650067904,0.550461440734703,0.5557824437854267,0.7092198581560284,0.4533333333333333,0.2891309617137047,0.3617021276595745,0.6071428571428571,166,22,60,34,0.11702127659574468
1024,0.045539844781160355,2.3731164932250977,0.05,0,19,38,94,188,SVM,5,roc_auc,0.8410714285714287,"{""C"": 0.1, ""kernel"": ""linear""}",0.07730817794799805,0.004095792770385742,0.7294024445450431,0.505969705278589,0.5139267538193075,0.723404255319149,0.6138613861386139,0.4023398993836123,0.6595744680851063,0.5740740740740741,142,46,32,62,0.24468085106382978
1024,0.045539844781160355,2.3731164932250977,0.05,0,19,38,94,188,RandomForest,5,roc_auc,0.819047619047619,"{""max_depth"": 10, ""n_estimators"": 200}",1.1642091274261475,0.033240556716918945,0.7526878678134903,0.5742473783385625,0.5769394029790201,0.7198581560283688,0.4397163120567376,0.30949951567605416,0.32978723404255317,0.6595744680851063,172,16,63,31,0.0851063829787234
1024,0.045539844781160355,2.3731164932250977,0.05,1,19,38,94,188,XGBoost,5,roc_auc,0.8339285714285716,"{""learning_rate"": 0.03, ""max_depth"": 3, ""n_estimators"": 600}",0.46543025970458984,0.0016937255859375,0.8033329560887279,0.656321835732034,0.6583030855991228,0.7375886524822695,0.6185567010309279,0.4193139346887673,0.6382978723404256,0.6,148,40,34,60,0.2127659574468085
1024,0.045539844781160355,2.3731164932250977,0.05,1,19,38,94,188,LogReg,5,roc_auc,0.9023809523809524,"{""C"": 0.1}",0.03573203086853027,0.003589153289794922,0.7819714803078316,0.5909016155787068,0.5951509634636958,0.7198581560283688,0.49032258064516127,0.32277494620889613,0.40425531914893614,0.6229508196721312,165,23,56,38,0.12234042553191489
1024,0.045539844781160355,2.3731164932250977,0.05,1,19,38,94,188,SVM,5,roc_auc,0.8892857142857142,"{""C"": 0.1, ""kernel"": ""linear""}",0.031670570373535156,0.0032150745391845703,0.7318922589406972,0.5390261324274275,0.5441691666179453,0.6524822695035462,0.6048387096774194,0.3575839402862625,0.7978723404255319,0.487012987012987,109,79,19,75,0.42021276595744683
1024,0.045539844781160355,2.3731164932250977,0.05,1,19,38,94,188,RandomForest,5,roc_auc,0.862797619047619,"{""max_depth"": 10, ""n_estimators"": 200}",1.0790467262268066,0.03495502471923828,0.7395880488909008,0.5689882664013508,0.5743629604452711,0.7198581560283688,0.4148148148148148,0.3058813569240747,0.2978723404255319,0.6829268292682927,175,13,66,28,0.06914893617021277
1024,0.045539844781160355,2.3731164932250977,0.05,2,19,38,94,188,XGBoost,5,roc_auc,0.8880952380952382,"{""learning_rate"": 0.03, ""max_depth"": 6, ""n_estimators"": 300}",0.379497766494751,0.001562356948852539,0.8768673607967405,0.7215641917221657,0.7240791886599675,0.8120567375886525,0.7414634146341463,0.600497659899527,0.8085106382978723,0.6846846846846847,153,35,18,76,0.18617021276595744
1024,0.045539844781160355,2.3731164932250977,0.05,2,19,38,94,188,LogReg,5,roc_auc,0.8970238095238094,"{""C"": 0.01}",0.0424957275390625,0.0009398460388183594,0.8005885015844273,0.5740547035173327,0.579616727134403,0.6808510638297872,0.375,0.20352497093256997,0.2872340425531915,0.54,165,23,67,27,0.12234042553191489
1024,0.045539844781160355,2.3731164932250977,0.05,2,19,38,94,188,SVM,5,roc_auc,0.868154761904762,"{""C"": 0.1, ""kernel"": ""linear""}",0.02694845199584961,0.007848262786865234,0.7702297419646899,0.5455457404169524,0.5511072801136985,0.7056737588652482,0.6375545851528385,0.42163702135578396,0.776595744680851,0.5407407407407407,126,62,21,73,0.32978723404255317
1024,0.045539844781160355,2.3731164932250977,0.05,2,19,38,94,188,RandomForest,5,roc_auc,0.8934523809523809,"{""max_depth"": null, ""n_estimators"": 200}",1.0136821269989014,0.029317378997802734,0.8228836577636941,0.6231856067685848,0.6288801081863231,0.7411347517730497,0.48951048951048953,0.3705928436896636,0.3723404255319149,0.7142857142857143,174,14,59,35,0.07446808510638298
1024,0.045539844781160355,2.3731164932250977,0.1,0,38,76,94,188,XGBoost,5,roc_auc,0.8776190476190477,"{""learning_rate"": 0.03, ""max_depth"": 3, ""n_estimators"": 300}",0.5417678356170654,0.0017580986022949219,0.8445280669986419,0.674665265307522,0.6780457688905037,0.7872340425531915,0.6875,0.5265784148389184,0.7021276595744681,0.673469387755102,156,32,28,66,0.1702127659574468
1024,0.045539844781160355,2.3731164932250977,0.1,0,38,76,94,188,LogReg,5,roc_auc,0.8557142857142856,"{""C"": 1}",0.0667574405670166,0.0009465217590332031,0.816376188320507,0.6569722596159931,0.6605196687932092,0.7446808510638298,0.5714285714285714,0.39896565851410903,0.5106382978723404,0.6486486486486487,162,26,46,48,0.13829787234042554
1024,0.045539844781160355,2.3731164932250977,0.1,0,38,76,94,188,SVM,5,roc_auc,0.8135714285714286,"{""C"": 0.1, ""kernel"": ""linear""}",0.06634902954101562,0.003816843032836914,0.8011826618379357,0.6379552076860067,0.641189369177919,0.7198581560283688,0.572972972972973,0.3647174435739068,0.5638297872340425,0.5824175824175825,150,38,41,53,0.20212765957446807
1024,0.045539844781160355,2.3731164932250977,0.1,0,38,76,94,188,RandomForest,5,roc_auc,0.880952380952381,"{""max_depth"": 10, ""n_estimators"": 200}",1.240272045135498,0.029068470001220703,0.852308736985061,0.6909179152798097,0.6955892245446966,0.7553191489361702,0.49635036496350365,0.4115322129368653,0.3617021276595745,0.7906976744186046,179,9,60,34,0.047872340425531915
1024,0.045539844781160355,2.3731164932250977,0.1,1,38,76,94,188,XGBoost,5,roc_auc,0.8847619047619049,"{""learning_rate"": 0.03, ""max_depth"": 6, ""n_estimators"": 300}",0.5305099487304688,0.0025696754455566406,0.8846197374377546,0.7525622180003737,0.7545040057092761,0.7978723404255319,0.6742857142857143,0.5320049792574042,0.6276595744680851,0.7283950617283951,166,22,35,59,0.11702127659574468
1024,0.045539844781160355,2.3731164932250977,0.1,1,38,76,94,188,LogReg,5,roc_auc,0.885357142857143,"{""C"": 0.1}",0.042409420013427734,0.0007648468017578125,0.8476120416478045,0.6994941314124284,0.7023863558370126,0.75177304964539,0.5394736842105263,0.4032369794256904,0.43617021276595747,0.7068965517241379,171,17,53,41,0.09042553191489362
1024,0.045539844781160355,2.3731164932250977,0.1,1,38,76,94,188,SVM,5,roc_auc,0.8582142857142857,"{""C"": 0.1, ""kernel"": ""linear""}",0.062154293060302734,0.002634763717651367,0.8020880488909008,0.6311308087689014,0.6351526609850335,0.7269503546099291,0.5882352941176471,0.3840122885898555,0.5851063829787234,0.5913978494623656,150,38,39,55,0.20212765957446807
1024,0.045539844781160355,2.3731164932250977,0.1,1,38,76,94,188,RandomForest,5,roc_auc,0.8517857142857143,"{""max_depth"": null, ""n_estimators"": 500}",1.286895990371704,0.05447816848754883,0.8622962879130829,0.7263195699529887,0.7280595623097302,0.7446808510638298,0.4857142857142857,0.3800477028585322,0.3617021276595745,0.7391304347826086,176,12,60,34,0.06382978723404255
1024,0.045539844781160355,2.3731164932250977,0.1,2,38,76,94,188,XGBoost,5,roc_auc,0.9613095238095237,"{""learning_rate"": 0.03, ""max_depth"": 3, ""n_estimators"": 300}",0.5033495426177979,0.001592397689819336,0.8603440470801267,0.6882419925685176,0.6918685241944585,0.7978723404255319,0.7076923076923077,0.554358732490619,0.7340425531914894,0.6831683168316832,156,32,25,69,0.1702127659574468
1024,0.045539844781160355,2.3731164932250977,0.1,2,38,76,94,188,LogReg,5,roc_auc,0.9454761904761906,"{""C"": 10}",0.0456242561340332,0.003266572952270508,0.8214124038026256,0.6455927131465207,0.6480907606414246,0.7446808510638298,0.5862068965517241,0.40605717053461116,0.5425531914893617,0.6375,159,29,43,51,0.15425531914893617
1024,0.045539844781160355,2.3731164932250977,0.1,2,38,76,94,188,SVM,5,roc_auc,0.9321428571428572,"{""C"": 0.1, ""kernel"": ""linear""}",0.06814312934875488,0.004290342330932617,0.7952976459936623,0.6120381179483432,0.615811224005707,0.7375886524822695,0.6145833333333334,0.41599694772274554,0.6276595744680851,0.6020408163265306,149,39,35,59,0.2074468085106383
1024,0.045539844781160355,2.3731164932250977,0.1,2,38,76,94,188,RandomForest,5,roc_auc,0.9745238095238096,"{""max_depth"": null, ""n_estimators"": 200}",1.09977388381958,0.02952432632446289,0.8687188773200544,0.7236201273421454,0.7240598594441086,0.7695035460992907,0.6242774566473989,0.46344855238027605,0.574468085106383,0.6835443037974683,163,25,40,54,0.13297872340425532
1024,0.045539844781160355,2.3731164932250977,0.2,0,75,150,94,188,XGBoost,5,roc_auc,0.9224444444444444,"{""learning_rate"": 0.1, ""max_depth"": 6, ""n_estimators"": 300}",0.8576428890228271,0.0022153854370117188,0.8815640561339972,0.7316587188284702,0.7340826296315717,0.8226950354609929,0.7368421052631579,0.6032506032509048,0.7446808510638298,0.7291666666666666,162,26,24,70,0.13829787234042554
1024,0.045539844781160355,2.3731164932250977,0.2,0,75,150,94,188,LogReg,5,roc_auc,0.8673333333333332,"{""C"": 0.1}",0.09295034408569336,0.00079345703125,0.8435377999094613,0.6709701878247094,0.6736419693452805,0.7553191489361702,0.5964912280701754,0.4277364900376451,0.5425531914893617,0.6623376623376623,162,26,43,51,0.13829787234042554
1024,0.045539844781160355,2.3731164932250977,0.2,0,75,150,94,188,SVM,5,roc_auc,0.8379999999999999,"{""C"": 10, ""kernel"": ""rbf""}",0.15806102752685547,0.014445781707763672,0.7992870076957899,0.6186353678287762,0.6239651738710166,0.7446808510638298,0.6363636363636364,0.44175071089822127,0.6702127659574468,0.6057692307692307,147,41,31,63,0.21808510638297873
1024,0.045539844781160355,2.3731164932250977,0.2,0,75,150,94,188,RandomForest,5,roc_auc,0.9046666666666667,"{""max_depth"": null, ""n_estimators"": 500}",1.3410592079162598,0.05174827575683594,0.8715765052059756,0.6891842669799949,0.6940670830635192,0.7730496453900709,0.6049382716049383,0.4630743762668372,0.5212765957446809,0.7205882352941176,169,19,45,49,0.10106382978723404
1024,0.045539844781160355,2.3731164932250977,0.2,1,75,150,94,188,XGBoost,5,roc_auc,0.9126666666666667,"{""learning_rate"": 0.03, ""max_depth"": 6, ""n_estimators"": 300}",0.8308885097503662,0.001850128173828125,0.8894296061566319,0.7550405675042813,0.7572103614541535,0.7978723404255319,0.6705202312138728,0.5304531623629666,0.6170212765957447,0.7341772151898734,167,21,36,58,0.11170212765957446
1024,0.045539844781160355,2.3731164932250977,0.2,1,75,150,94,188,LogReg,5,roc_auc,0.8424444444444443,"{""C"": 0.01}",0.09020471572875977,0.0014722347259521484,0.8338614757808964,0.6678033133747118,0.671119216253815,0.723404255319149,0.4935064935064935,0.3308465799422135,0.40425531914893614,0.6333333333333333,166,22,56,38,0.11702127659574468
1024,0.045539844781160355,2.3731164932250977,0.2,1,75,150,94,188,SVM,5,roc_auc,0.8157777777777777,"{""C"": 0.1, ""kernel"": ""linear""}",0.13109803199768066,0.0038056373596191406,0.7670325939339067,0.5572392414161401,0.5659046183627072,0.7163120567375887,0.5294117647058824,0.333423808194963,0.4787234042553192,0.5921052631578947,157,31,49,45,0.16489361702127658
1024,0.045539844781160355,2.3731164932250977,0.2,1,75,150,94,188,RandomForest,5,roc_auc,0.8913333333333334,"{""max_depth"": 10, ""n_estimators"": 200}",1.1920597553253174,0.03152608871459961,0.8974649162516977,0.7749358700091715,0.7775638344063059,0.7659574468085106,0.5352112676056338,0.44035242296398963,0.40425531914893614,0.7916666666666666,178,10,56,38,0.05319148936170213
1024,0.045539844781160355,2.3731164932250977,0.2,2,75,150,94,188,XGBoost,5,roc_auc,0.9128888888888887,"{""learning_rate"": 0.03, ""max_depth"": 3, ""n_estimators"": 300}",0.8115723133087158,0.0016748905181884766,0.9014825712992305,0.7756829134939571,0.7771954358561102,0.8439716312056738,0.7731958762886598,0.655178022951199,0.7978723404255319,0.75,163,25,19,75,0.13297872340425532
1024,0.045539844781160355,2.3731164932250977,0.2,2,75,150,94,188,LogReg,5,roc_auc,0.8715555555555555,"{""C"": 0.01}",0.0814826488494873,0.0008134841918945312,0.8489701222272521,0.6828782755768978,0.6860279004062378,0.7340425531914894,0.5161290322580645,0.35931550615707303,0.425531914893617,0.6557377049180327,167,21,54,40,0.11170212765957446
1024,0.045539844781160355,2.3731164932250977,0.2,2,75,150,94,188,SVM,5,roc_auc,0.8377777777777776,"{""C"": 10, ""kernel"": ""rbf""}",0.12890887260437012,0.014089345932006836,0.7521502942507923,0.5450478836380718,0.5520321291570601,0.6950354609929078,0.5865384615384616,0.3525551202038554,0.648936170212766,0.5350877192982456,135,53,33,61,0.28191489361702127
1024,0.045539844781160355,2.3731164932250977,0.2,2,75,150,94,188,RandomForest,5,roc_auc,0.9168888888888891,"{""max_depth"": 10, ""n_estimators"": 500}",1.3767127990722656,0.0514073371887207,0.8855251244907199,0.7316223435550931,0.7355513607482195,0.7588652482269503,0.5,0.42257712736425834,0.3617021276595745,0.8095238095238095,180,8,60,34,0.0425531914893617
1024,0.045539844781160355,2.3731164932250977,0.4,0,150,300,94,188,XGBoost,5,roc_auc,0.8947222222222223,"{""learning_rate"": 0.03, ""max_depth"": 6, ""n_estimators"": 600}",1.6665568351745605,0.002730131149291992,0.908612494341331,0.765918510459967,0.7686595273848923,0.8581560283687943,0.7894736842105263,0.682625682626024,0.7978723404255319,0.78125,167,21,19,75,0.11170212765957446
1024,0.045539844781160355,2.3731164932250977,0.4,0,150,300,94,188,LogReg,5,roc_auc,0.8550555555555555,"{""C"": 0.01}",0.2562286853790283,0.0007748603820800781,0.8602874603893165,0.6818406127917395,0.685785014727941,0.7695035460992907,0.6198830409356725,0.4615051603037749,0.5638297872340425,0.6883116883116883,164,24,41,53,0.1276595744680851
1024,0.045539844781160355,2.3731164932250977,0.4,0,150,300,94,188,SVM,5,roc_auc,0.8293888888888888,"{""C"": 0.1, ""kernel"": ""rbf""}",0.8258607387542725,0.0276796817779541,0.8422928927116342,0.6362040508858775,0.6440426980430308,0.7836879432624113,0.6514285714285715,0.4987546680538164,0.6063829787234043,0.7037037037037037,164,24,37,57,0.1276595744680851
1024,0.045539844781160355,2.3731164932250977,0.4,0,150,300,94,188,RandomForest,5,roc_auc,0.8883888888888889,"{""max_depth"": 10, ""n_estimators"": 200}",1.5242063999176025,0.0323491096496582,0.8747736532367587,0.6736233157218177,0.6775170549606031,0.75177304964539,0.5569620253164557,0.40707617121898937,0.46808510638297873,0.6875,168,20,50,44,0.10638297872340426
1024,0.045539844781160355,2.3731164932250977,0.4,1,150,300,94,188,XGBoost,5,roc_auc,0.9087222222222222,"{""learning_rate"": 0.1, ""max_depth"": 3, ""n_estimators"": 300}",1.326866865158081,0.0015900135040283203,0.9034065187867814,0.8015247385322539,0.8028617145500189,0.8404255319148937,0.7513812154696132,0.6351757834348449,0.723404255319149,0.7816091954022989,169,19,26,68,0.10106382978723404
1024,0.045539844781160355,2.3731164932250977,0.4,1,150,300,94,188,LogReg,5,roc_auc,0.8765555555555556,"{""C"": 0.01}",0.2738969326019287,0.00083160400390625,0.8867134449977365,0.776330591638178,0.7782639491227911,0.8156028368794326,0.6867469879518072,0.5693040864574422,0.6063829787234043,0.7916666666666666,173,15,37,57,0.0797872340425532
1024,0.045539844781160355,2.3731164932250977,0.4,1,150,300,94,188,SVM,5,roc_auc,0.8521111111111113,"{""C"": 0.1, ""kernel"": ""rbf""}",1.025972843170166,0.028620481491088867,0.8669929832503395,0.6994359406664094,0.706804278042464,0.8156028368794326,0.6941176470588235,0.5707763496218857,0.6276595744680851,0.7763157894736842,171,17,35,59,0.09042553191489362
1024,0.045539844781160355,2.3731164932250977,0.4,1,150,300,94,188,RandomForest,5,roc_auc,0.904888888888889,"{""max_depth"": 10, ""n_estimators"": 500}",1.9445436000823975,0.0526580810546875,0.8941828881846989,0.7329992548518384,0.7399700082737676,0.7978723404255319,0.6459627329192547,0.5243465049014443,0.5531914893617021,0.7761194029850746,173,15,42,52,0.0797872340425532
1024,0.045539844781160355,2.3731164932250977,0.4,2,150,300,94,188,XGBoost,5,roc_auc,0.9026111111111111,"{""learning_rate"": 0.1, ""max_depth"": 6, ""n_estimators"": 300}",1.487614631652832,0.0025670528411865234,0.9118379357175193,0.7549517245952283,0.7594197528842781,0.8368794326241135,0.7472527472527473,0.6277703362906875,0.723404255319149,0.7727272727272727,168,20,26,68,0.10638297872340426
1024,0.045539844781160355,2.3731164932250977,0.4,2,150,300,94,188,LogReg,5,roc_auc,0.9135,"{""C"": 0.01}",0.24126052856445312,0.0007135868072509766,0.873585332729742,0.7293494682333582,0.731987744791864,0.7730496453900709,0.5897435897435898,0.4601415057116586,0.48936170212765956,0.7419354838709677,172,16,48,46,0.0851063829787234
1024,0.045539844781160355,2.3731164932250977,0.4,2,150,300,94,188,SVM,5,roc_auc,0.9013888888888889,"{""C"": 0.1, ""kernel"": ""rbf""}",0.8967065811157227,0.030429363250732422,0.8539497510185604,0.6753539478998394,0.6826823446212316,0.7659574468085106,0.5714285714285714,0.44112877325628463,0.46808510638297873,0.7333333333333333,172,16,50,44,0.0851063829787234
1024,0.045539844781160355,2.3731164932250977,0.4,2,150,300,94,188,RandomForest,5,roc_auc,0.9161666666666667,"{""max_depth"": 10, ""n_estimators"": 200}",1.565035104751587,0.031081438064575195,0.8928248076052512,0.7169711502014646,0.7244343207734474,0.7695035460992907,0.5517241379310345,0.44951378537160996,0.425531914893617,0.7843137254901961,177,11,54,40,0.05851063829787234
1024,0.045539844781160355,2.3731164932250977,0.6,0,226,452,94,188,XGBoost,5,roc_auc,0.8949560026661475,"{""learning_rate"": 0.03, ""max_depth"": 3, ""n_estimators"": 300}",1.5946025848388672,0.003482818603515625,0.9034065187867814,0.7550263237411574,0.7573734057482672,0.8368794326241135,0.7553191489361702,0.6329787234042553,0.7553191489361702,0.7553191489361702,165,23,23,71,0.12234042553191489
1024,0.045539844781160355,2.3731164932250977,0.6,0,226,452,94,188,LogReg,5,roc_auc,0.8551096482690687,"{""C"": 0.01}",0.41011929512023926,0.0007987022399902344,0.8739248528746038,0.7484848357121197,0.7503282400408093,0.7730496453900709,0.6097560975609756,0.464363460212572,0.5319148936170213,0.7142857142857143,168,20,44,50,0.10638297872340426
1024,0.045539844781160355,2.3731164932250977,0.6,0,226,452,94,188,SVM,5,roc_auc,0.8359028035839632,"{""C"": 0.1, ""kernel"": ""rbf""}",2.8014988899230957,0.038832664489746094,0.8522238569488456,0.6573425419999644,0.6649182035663124,0.7730496453900709,0.5897435897435898,0.4601415057116586,0.48936170212765956,0.7419354838709677,172,16,48,46,0.0851063829787234
1024,0.045539844781160355,2.3731164932250977,0.6,0,226,452,94,188,RandomForest,5,roc_auc,0.8850330378156464,"{""max_depth"": 10, ""n_estimators"": 500}",1.7415623664855957,0.050376176834106445,0.889429606156632,0.7012354205684057,0.7087084404380763,0.776595744680851,0.5935483870967742,0.4689371860016038,0.48936170212765956,0.7540983606557377,173,15,48,46,0.0797872340425532
1024,0.045539844781160355,2.3731164932250977,0.6,1,226,452,94,188,XGBoost,5,roc_auc,0.9113724761550849,"{""learning_rate"": 0.1, ""max_depth"": 3, ""n_estimators"": 300}",1.524482250213623,0.0016934871673583984,0.8951448619284745,0.766609937490337,0.7684270672916729,0.8085106382978723,0.7032967032967034,0.5628285773640647,0.6808510638297872,0.7272727272727273,164,24,30,64,0.1276595744680851
1024,0.045539844781160355,2.3731164932250977,0.6,1,226,452,94,188,LogReg,5,roc_auc,0.8906868043389782,"{""C"": 0.01}",0.31256794929504395,0.0012850761413574219,0.8706994114984156,0.737208506437383,0.7388550543114838,0.7801418439716312,0.6352941176470588,0.4860075848265562,0.574468085106383,0.7105263157894737,166,22,40,54,0.11702127659574468
1024,0.045539844781160355,2.3731164932250977,0.6,1,226,452,94,188,SVM,5,roc_auc,0.879692508243233,"{""C"": 0.1, ""kernel"": ""rbf""}",3.377781867980957,0.0417935848236084,0.8545156179266636,0.6776542979156861,0.6827631342848713,0.776595744680851,0.6134969325153374,0.47244980487470645,0.5319148936170213,0.7246376811594203,169,19,44,50,0.10106382978723404
1024,0.045539844781160355,2.3731164932250977,0.6,1,226,452,94,188,RandomForest,5,roc_auc,0.8989241032719294,"{""max_depth"": 20, ""n_estimators"": 500}",1.7887554168701172,0.050507545471191406,0.8830918967858759,0.6991023791304225,0.7041366064768817,0.7907801418439716,0.6424242424242425,0.5083903194476499,0.5638297872340425,0.7464788732394366,170,18,41,53,0.09574468085106383
1024,0.045539844781160355,2.3731164932250977,0.6,2,226,452,94,188,XGBoost,5,roc_auc,0.9038523355334949,"{""learning_rate"": 0.03, ""max_depth"": 3, ""n_estimators"": 300}",1.4732284545898438,0.0013897418975830078,0.9026708918062472,0.7524857542837253,0.7560715170531472,0.8368794326241135,0.7444444444444445,0.6263334138660549,0.7127659574468085,0.7790697674418605,169,19,27,67,0.10106382978723404
1024,0.045539844781160355,2.3731164932250977,0.6,2,226,452,94,188,LogReg,5,roc_auc,0.8473925430447169,"{""C"": 0.01}",0.3429911136627197,0.0007443428039550781,0.8966727025803531,0.7713159751308873,0.7731385906817959,0.8014184397163121,0.6626506024096386,0.5348008084903245,0.5851063829787234,0.7638888888888888,171,17,39,55,0.09042553191489362
1024,0.045539844781160355,2.3731164932250977,0.6,2,226,452,94,188,SVM,5,roc_auc,0.8371910955389217,"{""C"": 0.1, ""kernel"": ""rbf""}",3.2392830848693848,0.03922319412231445,0.8771502942507922,0.7004161293479183,0.705786534912217,0.7659574468085106,0.5875,0.4441681590741884,0.5,0.7121212121212122,169,19,47,47,0.10106382978723404
1024,0.045539844781160355,2.3731164932250977,0.6,2,226,452,94,188,RandomForest,5,roc_auc,0.8858764724271971,"{""max_depth"": 10, ""n_estimators"": 500}",1.6801376342773438,0.04984593391418457,0.8975215029425079,0.7523933471745559,0.7556467678794561,0.7695035460992907,0.5806451612903226,0.4506669060275153,0.4787234042553192,0.7377049180327869,172,16,49,45,0.0851063829787234
1024,0.045539844781160355,2.3731164932250977,0.8,0,301,602,94,188,XGBoost,5,roc_auc,0.9073459445422933,"{""learning_rate"": 0.1, ""max_depth"": 3, ""n_estimators"": 300}",1.799973487854004,0.0017499923706054688,0.9016523313716615,0.7342427433073759,0.7375047528052365,0.8156028368794326,0.7078651685393258,0.5757077330897978,0.6702127659574468,0.75,167,21,31,63,0.11170212765957446
1024,0.045539844781160355,2.3731164932250977,0.8,0,301,602,94,188,LogReg,5,roc_auc,0.8707730960875522,"{""C"": 0.01}",0.5516786575317383,0.0007338523864746094,0.8861475780896333,0.7648693144756009,0.7666043367762055,0.7978723404255319,0.6627218934911243,0.5277790490704241,0.5957446808510638,0.7466666666666667,169,19,38,56,0.10106382978723404
1024,0.045539844781160355,2.3731164932250977,0.8,0,301,602,94,188,SVM,5,roc_auc,0.8608620143310903,"{""C"": 0.1, ""kernel"": ""rbf""}",8.800596237182617,0.05251312255859375,0.8688886373924852,0.6970528139204577,0.7041694699539457,0.7695035460992907,0.6107784431137725,0.4579735708215946,0.5425531914893617,0.6986301369863014,166,22,43,51,0.11702127659574468
1024,0.045539844781160355,2.3731164932250977,0.8,0,301,602,94,188,RandomForest,5,roc_auc,0.891229590991886,"{""max_depth"": 10, ""n_estimators"": 500}",1.9576048851013184,0.04919147491455078,0.8855251244907199,0.7136136983686642,0.7207220916878847,0.7801418439716312,0.6075949367088608,0.4789131426105757,0.5106382978723404,0.75,172,16,46,48,0.0851063829787234
1024,0.045539844781160355,2.3731164932250977,0.8,1,301,602,94,188,XGBoost,5,roc_auc,0.8985247011847235,"{""learning_rate"": 0.03, ""max_depth"": 3, ""n_estimators"": 300}",1.7896740436553955,0.0015969276428222656,0.9102252150294251,0.7748151018328789,0.7769644725668179,0.8333333333333334,0.7486631016042781,0.6240199689585151,0.7446808510638298,0.7526881720430108,165,23,24,70,0.12234042553191489
1024,0.045539844781160355,2.3731164932250977,0.8,1,301,602,94,188,LogReg,5,roc_auc,0.8562877451865901,"{""C"": 0.01}",0.6619002819061279,0.0007317066192626953,0.8936170212765959,0.754701304802386,0.7575205896357359,0.8085106382978723,0.6931818181818182,0.557679206677975,0.648936170212766,0.7439024390243902,167,21,33,61,0.11170212765957446
1024,0.045539844781160355,2.3731164932250977,0.8,1,301,602,94,188,SVM,5,roc_auc,0.8483263578407021,"{""C"": 0.1, ""kernel"": ""rbf""}",8.825017929077148,0.0521242618560791,0.8712086917157085,0.6862901605544851,0.6934196648875506,0.7730496453900709,0.6235294117647059,0.4690538318674903,0.5638297872340425,0.6973684210526315,165,23,41,53,0.12234042553191489
1024,0.045539844781160355,2.3731164932250977,0.8,1,301,602,94,188,RandomForest,5,roc_auc,0.8791632739466196,"{""max_depth"": 10, ""n_estimators"": 500}",1.9209046363830566,0.04852557182312012,0.8872793119058398,0.6873302419373818,0.6950641211188311,0.7801418439716312,0.6219512195121951,0.48177708997054347,0.5425531914893617,0.7285714285714285,169,19,43,51,0.10106382978723404
1024,0.045539844781160355,2.3731164932250977,0.8,2,301,602,94,188,XGBoost,5,roc_auc,0.9000859733700644,"{""learning_rate"": 0.03, ""max_depth"": 6, ""n_estimators"": 300}",2.0136594772338867,0.0025603771209716797,0.9061792666364871,0.7716063158929733,0.7740626000076879,0.8191489361702128,0.7150837988826816,0.5846907240234213,0.6808510638297872,0.7529411764705882,167,21,30,64,0.11170212765957446
1024,0.045539844781160355,2.3731164932250977,0.8,2,301,602,94,188,LogReg,5,roc_auc,0.8621941189089103,"{""C"": 0.01}",0.664365291595459,0.0007405281066894531,0.8919760072430963,0.7571082838588158,0.7602789410062853,0.8226950354609929,0.7093023255813954,0.5885886947467733,0.648936170212766,0.782051282051282,171,17,33,61,0.09042553191489362
1024,0.045539844781160355,2.3731164932250977,0.8,2,301,602,94,188,SVM,5,roc_auc,0.851591388926523,"{""C"": 0.1, ""kernel"": ""rbf""}",11.255986452102661,0.05548691749572754,0.87324581258488,0.7014916450220996,0.7059492480210836,0.7801418439716312,0.6395348837209303,0.4876877756473265,0.5851063829787234,0.7051282051282052,165,23,39,55,0.12234042553191489
1024,0.045539844781160355,2.3731164932250977,0.8,2,301,602,94,188,RandomForest,5,roc_auc,0.8808052714176038,"{""max_depth"": 10, ""n_estimators"": 500}",2.039581298828125,0.05025672912597656,0.8847329108193753,0.7126959295746403,0.7196307514627149,0.7695035460992907,0.5911949685534591,0.4524931917952538,0.5,0.7230769230769231,170,18,47,47,0.09574468085106383
1024,0.045539844781160355,2.3731164932250977,1.0,0,376,752,94,188,XGBoost,5,roc_auc,0.9095185012199373,"{""learning_rate"": 0.03, ""max_depth"": 3, ""n_estimators"": 300}",2.3568222522735596,0.001615762710571289,0.9074807605251245,0.7646209207024546,0.7668820277371724,0.8297872340425532,0.7391304347826086,0.6132223631495076,0.723404255319149,0.7555555555555555,166,22,26,68,0.11702127659574468
1024,0.045539844781160355,2.3731164932250977,1.0,0,376,752,94,188,LogReg,5,roc_auc,0.8768066806088068,"{""C"": 0.01}",1.0482494831085205,0.0008783340454101562,0.8928248076052513,0.7528951160043549,0.7552994242233207,0.8120567375886525,0.7005649717514124,0.5667044755284754,0.6595744680851063,0.7469879518072289,167,21,32,62,0.11170212765957446
1024,0.045539844781160355,2.3731164932250977,1.0,0,376,752,94,188,SVM,5,roc_auc,0.866378737461756,"{""C"": 0.1, ""kernel"": ""rbf""}",25.952048540115356,0.10795950889587402,0.8729062924400182,0.6870533768611728,0.694348158144352,0.7872340425531915,0.6551724137931034,0.5061808564198578,0.6063829787234043,0.7125,165,23,37,57,0.12234042553191489
1024,0.045539844781160355,2.3731164932250977,1.0,0,376,752,94,188,RandomForest,5,roc_auc,0.8884524820882227,"{""max_depth"": 10, ""n_estimators"": 500}",4.231404781341553,0.06253290176391602,0.8870529651425983,0.7000397051012974,0.7072552238310299,0.7872340425531915,0.625,0.497468338163091,0.5319148936170213,0.7575757575757576,172,16,44,50,0.0851063829787234
1024,0.045539844781160355,2.3731164932250977,1.0,1,376,752,94,188,XGBoost,5,roc_auc,0.9034918848998877,"{""learning_rate"": 0.03, ""max_depth"": 3, ""n_estimators"": 300}",3.451817274093628,0.0017168521881103516,0.9098856948845632,0.7636565180810793,0.7652172941002877,0.8333333333333334,0.7403314917127072,0.6188892248852335,0.7127659574468085,0.7701149425287356,168,20,27,67,0.10638297872340426
1024,0.045539844781160355,2.3731164932250977,1.0,1,376,752,94,188,LogReg,5,roc_auc,0.869688116649239,"{""C"": 0.01}",1.1730599403381348,0.0009019374847412109,0.895767315527388,0.7629626111639083,0.7660109288626454,0.8226950354609929,0.7126436781609196,0.5896172613242299,0.6595744680851063,0.775,170,18,32,62,0.09574468085106383
1024,0.045539844781160355,2.3731164932250977,1.0,1,376,752,94,188,SVM,5,roc_auc,0.856788269238217,"{""C"": 0.1, ""kernel"": ""rbf""}",19.854036331176758,0.07776951789855957,0.8819601629696695,0.6874450036183304,0.6950879203036028,0.7730496453900709,0.6144578313253012,0.4657942525560891,0.5425531914893617,0.7083333333333334,167,21,43,51,0.11170212765957446
1024,0.045539844781160355,2.3731164932250977,1.0,1,376,752,94,188,RandomForest,5,roc_auc,0.883858223151698,"{""max_depth"": 10, ""n_estimators"": 500}",2.5861597061157227,0.05228686332702637,0.8834880036215482,0.695135390170605,0.7026565698373564,0.7730496453900709,0.6049382716049383,0.4630743762668372,0.5212765957446809,0.7205882352941176,169,19,45,49,0.10106382978723404
1024,0.045539844781160355,2.3731164932250977,1.0,2,376,752,94,188,XGBoost,5,roc_auc,0.9073711475155882,"{""learning_rate"": 0.03, ""max_depth"": 3, ""n_estimators"": 300}",2.264213800430298,0.0013589859008789062,0.9113286555002263,0.7830959112515417,0.7851810931007801,0.8475177304964538,0.7700534759358288,0.6560209930076697,0.7659574468085106,0.7741935483870968,167,21,22,72,0.11170212765957446
1024,0.045539844781160355,2.3731164932250977,1.0,2,376,752,94,188,LogReg,5,roc_auc,0.8701049657255722,"{""C"": 0.01}",0.9412875175476074,0.0007719993591308594,0.8874490719782707,0.7445152622640095,0.7477621794823592,0.7978723404255319,0.6705202312138728,0.5304531623629666,0.6170212765957447,0.7341772151898734,167,21,36,58,0.11170212765957446
1024,0.045539844781160355,2.3731164932250977,1.0,2,376,752,94,188,SVM,5,roc_auc,0.8592494078463266,"{""C"": 0.1, ""kernel"": ""rbf""}",18.013022661209106,0.09121870994567871,0.8707559981892259,0.6797438964429616,0.6872538035039472,0.7695035460992907,0.6153846153846154,0.45967852660972425,0.5531914893617021,0.6933333333333334,165,23,42,52,0.12234042553191489
1024,0.045539844781160355,2.3731164932250977,1.0,2,376,752,94,188,RandomForest,5,roc_auc,0.8837505534255063,"{""max_depth"": 10, ""n_estimators"": 500}",2.387113094329834,0.05033421516418457,0.8855251244907197,0.7091028600687237,0.7162635318051849,0.7695035460992907,0.5962732919254659,0.45364809974619336,0.5106382978723404,0.7164179104477612,169,19,46,48,0.10106382978723404
2048,0.023038938641548157,3.1272006034851074,0.05,0,19,38,94,188,XGBoost,5,roc_auc,0.8505952380952382,"{""learning_rate"": 0.03, ""max_depth"": 3, ""n_estimators"": 300}",0.5707767009735107,0.002252817153930664,0.8417553191489362,0.6714768764593502,0.6747802448880783,0.7801418439716312,0.7019230769230769,0.5364969220493451,0.776595744680851,0.6403508771929824,147,41,21,73,0.21808510638297873
2048,0.023038938641548157,3.1272006034851074,0.05,0,19,38,94,188,LogReg,5,roc_auc,0.7303571428571429,"{""C"": 0.1}",0.044676780700683594,0.0021276473999023438,0.8379074241738342,0.6396611719613234,0.6463192359850299,0.7163120567375887,0.375,0.29261952422600623,0.2553191489361702,0.7058823529411765,178,10,70,24,0.05319148936170213
2048,0.023038938641548157,3.1272006034851074,0.05,0,19,38,94,188,SVM,5,roc_auc,0.7488095238095238,"{""C"": 10, ""kernel"": ""rbf""}",0.0605926513671875,0.015077352523803711,0.7206315074694432,0.50583981453921,0.514364442928008,0.6808510638297872,0.2857142857142857,0.17392527130926086,0.19148936170212766,0.5625,174,14,76,18,0.07446808510638298
2048,0.023038938641548157,3.1272006034851074,0.05,0,19,38,94,188,RandomForest,5,roc_auc,0.8005952380952381,"{""max_depth"": 10, ""n_estimators"": 500}",1.0873396396636963,0.05078554153442383,0.8495642824807605,0.6559258371042844,0.6651326243695617,0.6950354609929078,0.24561403508771928,0.21490278292025497,0.14893617021276595,0.7,182,6,80,14,0.031914893617021274
2048,0.023038938641548157,3.1272006034851074,0.05,1,19,38,94,188,XGBoost,5,roc_auc,0.8279761904761905,"{""learning_rate"": 0.03, ""max_depth"": 3, ""n_estimators"": 600}",0.6589207649230957,0.0025496482849121094,0.8252602987777274,0.6711407854489233,0.6745487604060969,0.7659574468085106,0.625,0.45829083321061315,0.5851063829787234,0.6707317073170732,161,27,39,55,0.14361702127659576
2048,0.023038938641548157,3.1272006034851074,0.05,1,19,38,94,188,LogReg,5,roc_auc,0.8988095238095237,"{""C"": 0.01}",0.04252481460571289,0.0020685195922851562,0.8372283838841104,0.6332170018660307,0.6411621354414716,0.6950354609929078,0.23214285714285715,0.21541010921383227,0.13829787234042554,0.7222222222222222,183,5,81,13,0.026595744680851064
2048,0.023038938641548157,3.1272006034851074,0.05,1,19,38,94,188,SVM,5,roc_auc,0.8705357142857142,"{""C"": 0.1, ""kernel"": ""linear""}",0.05647635459899902,0.008431673049926758,0.7981835672249886,0.5891592449817966,0.5946882342760056,0.7446808510638298,0.6470588235294118,0.45238386663396574,0.7021276595744681,0.6,144,44,28,66,0.23404255319148937
2048,0.023038938641548157,3.1272006034851074,0.05,1,19,38,94,188,RandomForest,5,roc_auc,0.8961309523809524,"{""max_depth"": null, ""n_estimators"": 200}",0.9295322895050049,0.029426097869873047,0.8159800814848347,0.6116162029046649,0.6193316467565383,0.7056737588652482,0.25225225225225223,0.26337685849243697,0.14893617021276595,0.8235294117647058,185,3,80,14,0.015957446808510637
2048,0.023038938641548157,3.1272006034851074,0.05,2,19,38,94,188,XGBoost,5,roc_auc,0.8782738095238095,"{""learning_rate"": 0.03, ""max_depth"": 6, ""n_estimators"": 300}",0.592470645904541,0.0023500919342041016,0.8060491172476234,0.6226580660754047,0.624580017421134,0.7411347517730497,0.5921787709497207,0.40436554745545017,0.5638297872340425,0.6235294117647059,156,32,41,53,0.1702127659574468
2048,0.023038938641548157,3.1272006034851074,0.05,2,19,38,94,188,LogReg,5,roc_auc,0.9163690476190476,"{""C"": 0.1}",0.043788909912109375,0.0021262168884277344,0.8224875509280217,0.6868335470184442,0.6889252543172331,0.7446808510638298,0.49295774647887325,0.38030436528708195,0.3723404255319149,0.7291666666666666,175,13,59,35,0.06914893617021277
2048,0.023038938641548157,3.1272006034851074,0.05,2,19,38,94,188,SVM,5,roc_auc,0.8907738095238095,"{""C"": 0.1, ""kernel"": ""linear""}",0.05852508544921875,0.008470296859741211,0.7808397464916252,0.6548969172090267,0.6569700486193168,0.6985815602836879,0.5971563981042654,0.36642288993147554,0.6702127659574468,0.5384615384615384,134,54,31,63,0.2872340425531915
2048,0.023038938641548157,3.1272006034851074,0.05,2,19,38,94,188,RandomForest,5,roc_auc,0.9276785714285716,"{""max_depth"": null, ""n_estimators"": 500}",1.0856099128723145,0.04945993423461914,0.82922136713445,0.6927658079546817,0.6944124281460033,0.7340425531914894,0.4186046511627907,0.3498326461004134,0.2872340425531915,0.7714285714285715,180,8,67,27,0.0425531914893617
2048,0.023038938641548157,3.1272006034851074,0.1,0,38,76,94,188,XGBoost,5,roc_auc,0.8196428571428571,"{""learning_rate"": 0.03, ""max_depth"": 3, ""n_estimators"": 300}",0.9390203952789307,0.002167224884033203,0.8334087822544137,0.6880562685736522,0.6913337690160776,0.7588652482269503,0.6421052631578947,0.46037546037569055,0.648936170212766,0.6354166666666666,153,35,33,61,0.18617021276595744
2048,0.023038938641548157,3.1272006034851074,0.1,0,38,76,94,188,LogReg,5,roc_auc,0.8166666666666667,"{""C"": 0.01}",0.06432390213012695,0.0020911693572998047,0.8561849253055681,0.711097802190992,0.7136273477066539,0.7340425531914894,0.42748091603053434,0.3490590930110244,0.2978723404255319,0.7567567567567568,179,9,66,28,0.047872340425531915
2048,0.023038938641548157,3.1272006034851074,0.1,0,38,76,94,188,SVM,5,roc_auc,0.7625,"{""C"": 0.1, ""kernel"": ""linear""}",0.11823534965515137,0.01283884048461914,0.7853383884110456,0.6174441565004123,0.6215080140502152,0.7269503546099291,0.6010362694300518,0.39400626128204935,0.6170212765957447,0.5858585858585859,147,41,36,58,0.21808510638297873
2048,0.023038938641548157,3.1272006034851074,0.1,0,38,76,94,188,RandomForest,5,roc_auc,0.8420238095238094,"{""max_depth"": 10, ""n_estimators"": 500}",1.1296231746673584,0.051290273666381836,0.8518277501131734,0.694622069907014,0.69904647567875,0.723404255319149,0.4,0.3155843721336013,0.2765957446808511,0.7222222222222222,178,10,68,26,0.05319148936170213
2048,0.023038938641548157,3.1272006034851074,0.1,1,38,76,94,188,XGBoost,5,roc_auc,0.9215476190476191,"{""learning_rate"": 0.03, ""max_depth"": 3, ""n_estimators"": 300}",0.8848061561584473,0.002409219741821289,0.8631733816206429,0.7327409393320299,0.7360131335685676,0.8049645390070922,0.708994708994709,0.5623520226284853,0.7127659574468085,0.7052631578947368,160,28,27,67,0.14893617021276595
2048,0.023038938641548157,3.1272006034851074,0.1,1,38,76,94,188,LogReg,5,roc_auc,0.8597619047619048,"{""C"": 0.01}",0.06454086303710938,0.002102375030517578,0.854034631054776,0.7059606921689646,0.7079202757823462,0.7304964539007093,0.40625,0.33882260699853356,0.2765957446808511,0.7647058823529411,180,8,68,26,0.0425531914893617
2048,0.023038938641548157,3.1272006034851074,0.1,1,38,76,94,188,SVM,5,roc_auc,0.830952380952381,"{""C"": 0.1, ""kernel"": ""linear""}",0.11805438995361328,0.011541366577148438,0.8193469895880489,0.6537404363299868,0.6570108925466166,0.7446808510638298,0.6,0.4139246909027841,0.574468085106383,0.627906976744186,156,32,40,54,0.1702127659574468
2048,0.023038938641548157,3.1272006034851074,0.1,1,38,76,94,188,RandomForest,5,roc_auc,0.8927380952380954,"{""max_depth"": 10, ""n_estimators"": 500}",1.1410367488861084,0.05060982704162598,0.8603723404255319,0.6781642043239745,0.6807526628380229,0.7021276595744681,0.288135593220339,0.24262373970773643,0.18085106382978725,0.7083333333333334,181,7,77,17,0.03723404255319149
2048,0.023038938641548157,3.1272006034851074,0.1,2,38,76,94,188,XGBoost,5,roc_auc,0.9174404761904761,"{""learning_rate"": 0.1, ""max_depth"": 6, ""n_estimators"": 600}",0.997417688369751,0.0024797916412353516,0.8851573110004526,0.748139495452592,0.7527543087090928,0.8120567375886525,0.7135135135135136,0.5738936244471768,0.7021276595744681,0.7252747252747253,163,25,28,66,0.13297872340425532
2048,0.023038938641548157,3.1272006034851074,0.1,2,38,76,94,188,LogReg,5,roc_auc,0.8800000000000001,"{""C"": 0.01}",0.06543493270874023,0.0020532608032226562,0.8728779990946129,0.7277352981581864,0.7308913927917927,0.7304964539007093,0.3968253968253968,0.33994484846810075,0.26595744680851063,0.78125,181,7,69,25,0.03723404255319149
2048,0.023038938641548157,3.1272006034851074,0.1,2,38,76,94,188,SVM,5,roc_auc,0.8422619047619048,"{""C"": 0.1, ""kernel"": ""linear""}",0.11621260643005371,0.012897014617919922,0.8269296061566319,0.6685987384528762,0.6714915913561087,0.7553191489361702,0.6057142857142858,0.4322540456466409,0.5638297872340425,0.654320987654321,160,28,41,53,0.14893617021276595
2048,0.023038938641548157,3.1272006034851074,0.1,2,38,76,94,188,RandomForest,5,roc_auc,0.906904761904762,"{""max_depth"": 10, ""n_estimators"": 500}",1.1426622867584229,0.05035877227783203,0.8939848347668629,0.7783109304706661,0.780582911515796,0.7588652482269503,0.47692307692307695,0.42829307646703035,0.32978723404255317,0.8611111111111112,183,5,63,31,0.026595744680851064
2048,0.023038938641548157,3.1272006034851074,0.2,0,75,150,94,188,XGBoost,5,roc_auc,0.868888888888889,"{""learning_rate"": 0.03, ""max_depth"": 3, ""n_estimators"": 300}",1.4783694744110107,0.002377033233642578,0.8842519239474875,0.7573534944798109,0.7587046822189074,0.8120567375886525,0.7165775401069518,0.5760184328847832,0.7127659574468085,0.7204301075268817,162,26,27,67,0.13829787234042554
2048,0.023038938641548157,3.1272006034851074,0.2,0,75,150,94,188,LogReg,5,roc_auc,0.8653333333333334,"{""C"": 0.01}",0.23462629318237305,0.0017066001892089844,0.8629187415119964,0.681215262803812,0.6891007914560481,0.7801418439716312,0.5921052631578947,0.4776807294735102,0.4787234042553192,0.7758620689655172,175,13,49,45,0.06914893617021277
2048,0.023038938641548157,3.1272006034851074,0.2,0,75,150,94,188,SVM,5,roc_auc,0.8066666666666666,"{""C"": 0.1, ""kernel"": ""linear""}",0.5509040355682373,0.011215686798095703,0.8191206428248077,0.6487016786819477,0.6524435360992912,0.7624113475177305,0.5786163522012578,0.4346316184349148,0.48936170212765956,0.7076923076923077,169,19,48,46,0.10106382978723404
2048,0.023038938641548157,3.1272006034851074,0.2,0,75,150,94,188,RandomForest,5,roc_auc,0.8897777777777778,"{""max_depth"": 10, ""n_estimators"": 500}",1.354612112045288,0.049939632415771484,0.907735400633771,0.8055241011963065,0.8082202235425193,0.7411347517730497,0.39669421487603307,0.3834824944236852,0.2553191489361702,0.8888888888888888,185,3,70,24,0.015957446808510637
2048,0.023038938641548157,3.1272006034851074,0.2,1,75,150,94,188,XGBoost,5,roc_auc,0.8764444444444444,"{""learning_rate"": 0.03, ""max_depth"": 3, ""n_estimators"": 600}",1.6703262329101562,0.0026438236236572266,0.8744341330918968,0.7239868648522281,0.7272345529736123,0.7978723404255319,0.6984126984126984,0.546436399346547,0.7021276595744681,0.6947368421052632,159,29,28,66,0.15425531914893617
2048,0.023038938641548157,3.1272006034851074,0.2,1,75,150,94,188,LogReg,5,roc_auc,0.8248888888888889,"{""C"": 0.01}",0.22779393196105957,0.0018231868743896484,0.8319092349479402,0.6224929052201617,0.6298242879322493,0.7269503546099291,0.42962962962962964,0.32722191670947526,0.30851063829787234,0.7073170731707317,176,12,65,29,0.06382978723404255
2048,0.023038938641548157,3.1272006034851074,0.2,1,75,150,94,188,SVM,5,roc_auc,0.8035555555555556,"{""C"": 0.1, ""kernel"": ""linear""}",0.5156338214874268,0.012154817581176758,0.785734495246718,0.5829495362284344,0.5887415740482612,0.7269503546099291,0.5389221556886228,0.35492951738673584,0.4787234042553192,0.6164383561643836,160,28,49,45,0.14893617021276595
2048,0.023038938641548157,3.1272006034851074,0.2,1,75,150,94,188,RandomForest,5,roc_auc,0.8475555555555555,"{""max_depth"": 20, ""n_estimators"": 200}",1.1243176460266113,0.02991628646850586,0.8634846084200997,0.7251495541390477,0.7282798512299314,0.74822695035461,0.49645390070921985,0.3902385197654596,0.3723404255319149,0.7446808510638298,176,12,59,35,0.06382978723404255
2048,0.023038938641548157,3.1272006034851074,0.2,2,75,150,94,188,XGBoost,5,roc_auc,0.9142222222222223,"{""learning_rate"": 0.03, ""max_depth"": 6, ""n_estimators"": 300}",1.718994140625,0.0025691986083984375,0.8722838388411046,0.7121531243567626,0.7150087058596113,0.8014184397163121,0.7227722772277227,0.5725606260459098,0.776595744680851,0.6759259259259259,153,35,21,73,0.18617021276595744
2048,0.023038938641548157,3.1272006034851074,0.2,2,75,150,94,188,LogReg,5,roc_auc,0.8586666666666666,"{""C"": 0.01}",0.21325349807739258,0.0012359619140625,0.8678983703033047,0.704749344138016,0.7099306273329498,0.7695035460992907,0.5454545454545454,0.45000559590887723,0.4148936170212766,0.7959183673469388,178,10,55,39,0.05319148936170213
2048,0.023038938641548157,3.1272006034851074,0.2,2,75,150,94,188,SVM,5,roc_auc,0.8373333333333333,"{""C"": 0.1, ""kernel"": ""linear""}",0.5272223949432373,0.013364076614379883,0.8262505658669081,0.6516819088896598,0.6558160738600379,0.7730496453900709,0.5949367088607594,0.46095389976267914,0.5,0.734375,171,17,47,47,0.09042553191489362
2048,0.023038938641548157,3.1272006034851074,0.2,2,75,150,94,188,RandomForest,5,roc_auc,0.8862222222222222,"{""max_depth"": 10, ""n_estimators"": 200}",1.135521411895752,0.029829978942871094,0.8884393390674513,0.7229846482412027,0.7280875372948714,0.7411347517730497,0.4251968503937008,0.37442910176072725,0.2872340425531915,0.8181818181818182,182,6,67,27,0.031914893617021274
2048,0.023038938641548157,3.1272006034851074,0.4,0,150,300,94,188,XGBoost,5,roc_auc,0.8946111111111111,"{""learning_rate"": 0.1, ""max_depth"": 3, ""n_estimators"": 600}",2.680997133255005,0.0026319026947021484,0.8879866455409687,0.7297356222116533,0.7364786973972685,0.8049645390070922,0.6994535519125683,0.5557104568872278,0.6808510638297872,0.7191011235955056,163,25,30,64,0.13297872340425532
2048,0.023038938641548157,3.1272006034851074,0.4,0,150,300,94,188,LogReg,5,roc_auc,0.8310555555555557,"{""C"": 0.01}",0.4460752010345459,0.0013103485107421875,0.8777444545043006,0.7019960399763036,0.7058281762987503,0.7695035460992907,0.5578231292517006,0.44929063494331956,0.43617021276595747,0.7735849056603774,176,12,53,41,0.06382978723404255
2048,0.023038938641548157,3.1272006034851074,0.4,0,150,300,94,188,SVM,5,roc_auc,0.7872777777777777,"{""C"": 0.1, ""kernel"": ""linear""}",5.848924875259399,0.020520448684692383,0.8474705749207786,0.6860571398203982,0.6888891614269068,0.7588652482269503,0.5466666666666666,0.4211255311917003,0.43617021276595747,0.7321428571428571,173,15,53,41,0.0797872340425532
2048,0.023038938641548157,3.1272006034851074,0.4,0,150,300,94,188,RandomForest,5,roc_auc,0.8868333333333333,"{""max_depth"": 10, ""n_estimators"": 200}",1.406937599182129,0.030579090118408203,0.8898540063377094,0.7109131929259792,0.7147520075240233,0.7163120567375887,0.42857142857142855,0.2986089093888467,0.3191489361702128,0.6521739130434783,172,16,64,30,0.0851063829787234
2048,0.023038938641548157,3.1272006034851074,0.4,1,150,300,94,188,XGBoost,5,roc_auc,0.9197222222222223,"{""learning_rate"": 0.03, ""max_depth"": 6, ""n_estimators"": 300}",2.559865951538086,0.0026111602783203125,0.892230647351743,0.8004262330595616,0.8016278417211269,0.8120567375886525,0.7195767195767195,0.5782676459104236,0.723404255319149,0.7157894736842105,161,27,26,68,0.14361702127659576
2048,0.023038938641548157,3.1272006034851074,0.4,1,150,300,94,188,LogReg,5,roc_auc,0.8764999999999998,"{""C"": 0.01}",0.5284998416900635,0.0021522045135498047,0.8832333635129017,0.7751668763866525,0.7772451051057119,0.7907801418439716,0.6143790849673203,0.5054991355062517,0.5,0.7966101694915254,176,12,47,47,0.06382978723404255
2048,0.023038938641548157,3.1272006034851074,0.4,1,150,300,94,188,SVM,5,roc_auc,0.8762777777777778,"{""C"": 0.1, ""kernel"": ""linear""}",6.377809762954712,0.019791603088378906,0.8662573562698053,0.7412719671199528,0.7437341788096,0.7978723404255319,0.6415094339622641,0.5239394852366097,0.5425531914893617,0.7846153846153846,174,14,43,51,0.07446808510638298
2048,0.023038938641548157,3.1272006034851074,0.4,1,150,300,94,188,RandomForest,5,roc_auc,0.9014444444444445,"{""max_depth"": null, ""n_estimators"": 500}",1.6456410884857178,0.05476880073547363,0.9092632412856496,0.7939214362817661,0.7969985561704731,0.8333333333333334,0.7044025157232704,0.6132473520383045,0.5957446808510638,0.8615384615384616,179,9,38,56,0.047872340425531915
2048,0.023038938641548157,3.1272006034851074,0.4,2,150,300,94,188,XGBoost,5,roc_auc,0.9219999999999999,"{""learning_rate"": 0.03, ""max_depth"": 3, ""n_estimators"": 300}",2.5800836086273193,0.002367734909057617,0.8857797645993661,0.7552616069072717,0.7552919678796941,0.8156028368794326,0.7291666666666666,0.5897678246195885,0.7446808510638298,0.7142857142857143,160,28,24,70,0.14893617021276595
2048,0.023038938641548157,3.1272006034851074,0.4,2,150,300,94,188,LogReg,5,roc_auc,0.8842777777777776,"{""C"": 0.01}",0.55704665184021,0.002262592315673828,0.8826109099139883,0.7667761263870728,0.7686782903862369,0.7624113475177305,0.5786163522012578,0.4346316184349148,0.48936170212765956,0.7076923076923077,169,19,48,46,0.10106382978723404
2048,0.023038938641548157,3.1272006034851074,0.4,2,150,300,94,188,SVM,5,roc_auc,0.8310555555555557,"{""C"": 0.1, ""kernel"": ""linear""}",5.416296720504761,0.01938176155090332,0.8450939339067451,0.6748804839778199,0.6799887400408647,0.7730496453900709,0.6097560975609756,0.464363460212572,0.5319148936170213,0.7142857142857143,168,20,44,50,0.10638297872340426
2048,0.023038938641548157,3.1272006034851074,0.4,2,150,300,94,188,RandomForest,5,roc_auc,0.9180555555555555,"{""max_depth"": 10, ""n_estimators"": 500}",1.5921626091003418,0.050672054290771484,0.8899105930285196,0.7626750417183631,0.7650966633178977,0.7730496453900709,0.5949367088607594,0.46095389976267914,0.5,0.734375,171,17,47,47,0.09042553191489362
2048,0.023038938641548157,3.1272006034851074,0.6,0,226,452,94,188,XGBoost,5,roc_auc,0.9083065951761604,"{""learning_rate"": 0.03, ""max_depth"": 3, ""n_estimators"": 300}",3.5512824058532715,0.002100706100463867,0.9025577184246265,0.7641795658355951,0.7642903748996527,0.8404255319148937,0.7567567567567568,0.6382555262543369,0.7446808510638298,0.7692307692307693,167,21,24,70,0.11170212765957446
2048,0.023038938641548157,3.1272006034851074,0.6,0,226,452,94,188,LogReg,5,roc_auc,0.8449752437578525,"{""C"": 0.01}",1.2883903980255127,0.001407623291015625,0.8896842462652784,0.749399603472072,0.7526808730802567,0.7801418439716312,0.6125,0.47970161180012344,0.5212765957446809,0.7424242424242424,171,17,45,49,0.09042553191489362
2048,0.023038938641548157,3.1272006034851074,0.6,0,226,452,94,188,SVM,5,roc_auc,0.8235541163077394,"{""C"": 10, ""kernel"": ""rbf""}",21.257612466812134,0.09095048904418945,0.8349083295608872,0.6940885825476375,0.6981022134187871,0.7801418439716312,0.6219512195121951,0.48177708997054347,0.5425531914893617,0.7285714285714285,169,19,43,51,0.10106382978723404
2048,0.023038938641548157,3.1272006034851074,0.6,0,226,452,94,188,RandomForest,5,roc_auc,0.8848247125928286,"{""max_depth"": 10, ""n_estimators"": 500}",2.2309775352478027,0.049906015396118164,0.8991908103214123,0.7713965868926806,0.7736357913925964,0.75177304964539,0.5333333333333333,0.40226916412341523,0.425531914893617,0.7142857142857143,172,16,54,40,0.0851063829787234
2048,0.023038938641548157,3.1272006034851074,0.6,1,226,452,94,188,XGBoost,5,roc_auc,0.9039610282363906,"{""learning_rate"": 0.03, ""max_depth"": 6, ""n_estimators"": 300}",3.81689190864563,0.0027437210083007812,0.9108476686283385,0.8071018391200682,0.8083963740114656,0.8297872340425532,0.7362637362637363,0.6115348965590318,0.7127659574468085,0.7613636363636364,167,21,27,67,0.11170212765957446
2048,0.023038938641548157,3.1272006034851074,0.6,1,226,452,94,188,LogReg,5,roc_auc,0.8541396247338275,"{""C"": 0.01}",1.3872299194335938,0.0021598339080810547,0.8807435491172476,0.7533141997893368,0.7555705728783704,0.7943262411347518,0.6419753086419753,0.5158296849554642,0.5531914893617021,0.7647058823529411,172,16,42,52,0.0851063829787234
2048,0.023038938641548157,3.1272006034851074,0.6,1,226,452,94,188,SVM,5,roc_auc,0.8200228097184619,"{""C"": 0.1, ""kernel"": ""linear""}",19.828990697860718,0.026483774185180664,0.8156405613399728,0.7049306259580564,0.7068805181267532,0.7588652482269503,0.5802469135802469,0.42790417047441914,0.5,0.6911764705882353,167,21,47,47,0.11170212765957446
2048,0.023038938641548157,3.1272006034851074,0.6,1,226,452,94,188,RandomForest,5,roc_auc,0.8891519350215003,"{""max_depth"": 20, ""n_estimators"": 500}",2.1808958053588867,0.05389857292175293,0.9070563603440471,0.7767707619115559,0.7793621762389352,0.7978723404255319,0.6503067484662577,0.5249442276385627,0.5638297872340425,0.7681159420289855,172,16,41,53,0.0851063829787234
2048,0.023038938641548157,3.1272006034851074,0.6,2,226,452,94,188,XGBoost,5,roc_auc,0.9040974028655187,"{""learning_rate"": 0.03, ""max_depth"": 3, ""n_estimators"": 300}",3.476874351501465,0.002401113510131836,0.9062075599818922,0.7628251929107748,0.763785129807811,0.851063829787234,0.78125,0.6687545868454263,0.7978723404255319,0.7653061224489796,165,23,19,75,0.12234042553191489
2048,0.023038938641548157,3.1272006034851074,0.6,2,226,452,94,188,LogReg,5,roc_auc,0.8777028484129932,"{""C"": 0.01}",1.2924330234527588,0.0013852119445800781,0.8876471253961069,0.7798502899862055,0.7813568664476375,0.7836879432624113,0.6163522012578616,0.4882163385159317,0.5212765957446809,0.7538461538461538,172,16,45,49,0.0851063829787234
2048,0.023038938641548157,3.1272006034851074,0.6,2,226,452,94,188,SVM,5,roc_auc,0.848881828316611,"{""C"": 0.1, ""kernel"": ""rbf""}",19.35904335975647,0.10132956504821777,0.8721423721140787,0.7303774562789664,0.733116847060785,0.7553191489361702,0.5174825174825175,0.4102992197992704,0.39361702127659576,0.7551020408163265,176,12,57,37,0.06382978723404255
2048,0.023038938641548157,3.1272006034851074,0.6,2,226,452,94,188,RandomForest,5,roc_auc,0.8948076834598574,"{""max_depth"": 20, ""n_estimators"": 500}",2.224123477935791,0.05064511299133301,0.9022464916251698,0.7756928156559088,0.7781350655963107,0.7836879432624113,0.6163522012578616,0.4882163385159317,0.5212765957446809,0.7538461538461538,172,16,45,49,0.0851063829787234
2048,0.023038938641548157,3.1272006034851074,0.8,0,301,602,94,188,XGBoost,5,roc_auc,0.9125826991976395,"{""learning_rate"": 0.03, ""max_depth"": 3, ""n_estimators"": 300}",3.8833260536193848,0.0024263858795166016,0.8984834766862834,0.7648146686863111,0.7667683717889958,0.8120567375886525,0.7071823204419889,0.5700295492363993,0.6808510638297872,0.735632183908046,165,23,30,64,0.12234042553191489
2048,0.023038938641548157,3.1272006034851074,0.8,0,301,602,94,188,LogReg,5,roc_auc,0.8596290381459903,"{""C"": 0.01}",2.5828659534454346,0.0013713836669921875,0.8800645088275239,0.7437983660910031,0.7467801686432664,0.8049645390070922,0.6857142857142857,0.5486301348591981,0.6382978723404256,0.7407407407407407,167,21,34,60,0.11170212765957446
2048,0.023038938641548157,3.1272006034851074,0.8,0,301,602,94,188,SVM,5,roc_auc,0.8412038586310194,"{""C"": 0.1, ""kernel"": ""rbf""}",35.62726879119873,0.13879752159118652,0.8453485740153915,0.6812998760218436,0.6859057305885433,0.7695035460992907,0.5751633986928104,0.4500175230726387,0.46808510638297873,0.7457627118644068,173,15,50,44,0.0797872340425532
2048,0.023038938641548157,3.1272006034851074,0.8,0,301,602,94,188,RandomForest,5,roc_auc,0.8871405429104758,"{""max_depth"": 10, ""n_estimators"": 200}",2.4593446254730225,0.029276609420776367,0.8805737890448166,0.705128071661973,0.7089440604014579,0.776595744680851,0.6037735849056604,0.47035476515559277,0.5106382978723404,0.7384615384615385,171,17,46,48,0.09042553191489362
2048,0.023038938641548157,3.1272006034851074,0.8,1,301,602,94,188,XGBoost,5,roc_auc,0.9055931765493985,"{""learning_rate"": 0.03, ""max_depth"": 3, ""n_estimators"": 300}",4.235687494277954,0.0025348663330078125,0.8945789950203713,0.7751904103013578,0.7743289023983198,0.8191489361702128,0.7301587301587301,0.5941832691923619,0.7340425531914894,0.7263157894736842,162,26,25,69,0.13829787234042554
2048,0.023038938641548157,3.1272006034851074,0.8,1,301,602,94,188,LogReg,5,roc_auc,0.8293403859760045,"{""C"": 0.01}",2.2562103271484375,0.0013668537139892578,0.8832333635129017,0.7629727518593031,0.7650145428898546,0.8014184397163121,0.6705882352941176,0.5368688437037539,0.6063829787234043,0.75,169,19,37,57,0.10106382978723404
2048,0.023038938641548157,3.1272006034851074,0.8,1,301,602,94,188,SVM,5,roc_auc,0.799574812958196,"{""C"": 0.1, ""kernel"": ""rbf""}",38.180400371551514,0.13652682304382324,0.8577127659574468,0.7092900040615537,0.7118344848002761,0.7446808510638298,0.5324675324675324,0.38598767659924904,0.43617021276595747,0.6833333333333333,169,19,53,41,0.10106382978723404
2048,0.023038938641548157,3.1272006034851074,0.8,1,301,602,94,188,RandomForest,5,roc_auc,0.8725838150506556,"{""max_depth"": 10, ""n_estimators"": 500}",2.7271196842193604,0.05199265480041504,0.8814791760977818,0.7312241443603549,0.7337823225436141,0.75177304964539,0.5454545454545454,0.4043680421515943,0.44680851063829785,0.7,170,18,52,42,0.09574468085106383
2048,0.023038938641548157,3.1272006034851074,0.8,2,301,602,94,188,XGBoost,5,roc_auc,0.9016092914991946,"{""learning_rate"": 0.03, ""max_depth"": 3, ""n_estimators"": 300}",3.8193752765655518,0.0024461746215820312,0.8977478497057492,0.734185539224644,0.7343538612108619,0.8120567375886525,0.7103825136612022,0.5718961983499625,0.6914893617021277,0.7303370786516854,164,24,29,65,0.1276595744680851
2048,0.023038938641548157,3.1272006034851074,0.8,2,301,602,94,188,LogReg,5,roc_auc,0.8401248306462538,"{""C"": 0.01}",2.3197953701019287,0.0013527870178222656,0.891381846989588,0.7825748959300212,0.7844152540509479,0.8191489361702128,0.7017543859649122,0.5796955062352295,0.6382978723404256,0.7792207792207793,171,17,34,60,0.09042553191489362
2048,0.023038938641548157,3.1272006034851074,0.8,2,301,602,94,188,SVM,5,roc_auc,0.8234403517289136,"{""C"": 0.1, ""kernel"": ""rbf""}",37.46898150444031,0.16669893264770508,0.8784234947940244,0.7369269645211286,0.739083489591777,0.7446808510638298,0.5135135135135135,0.3823595564509363,0.40425531914893614,0.7037037037037037,172,16,56,38,0.0851063829787234
2048,0.023038938641548157,3.1272006034851074,0.8,2,301,602,94,188,RandomForest,5,roc_auc,0.8811294747023138,"{""max_depth"": 10, ""n_estimators"": 500}",2.8760392665863037,0.051999807357788086,0.8969273426889994,0.7451380001854666,0.7479632248918899,0.7411347517730497,0.496551724137931,0.37133747487219954,0.3829787234042553,0.7058823529411765,173,15,58,36,0.0797872340425532
2048,0.023038938641548157,3.1272006034851074,1.0,0,376,752,94,188,XGBoost,5,roc_auc,0.9048808566670539,"{""learning_rate"": 0.03, ""max_depth"": 3, ""n_estimators"": 300}",5.121207237243652,0.002086162567138672,0.898766410140335,0.7454951472187503,0.7462132670760687,0.8333333333333334,0.7486631016042781,0.6240199689585151,0.7446808510638298,0.7526881720430108,165,23,24,70,0.12234042553191489
2048,0.023038938641548157,3.1272006034851074,1.0,0,376,752,94,188,LogReg,5,roc_auc,0.8441118027961737,"{""C"": 0.01}",2.961148738861084,0.0017735958099365234,0.8747453598913535,0.7242001666726913,0.7272803633068248,0.7872340425531915,0.6470588235294118,0.5029613377856221,0.5851063829787234,0.7236842105263158,167,21,39,55,0.11170212765957446
2048,0.023038938641548157,3.1272006034851074,1.0,0,376,752,94,188,SVM,5,roc_auc,0.8222983160992989,"{""C"": 0.1, ""kernel"": ""rbf""}",57.569743156433105,0.17340850830078125,0.857373245812585,0.6944197648318268,0.6967104197241034,0.7588652482269503,0.5641025641025641,0.4238145447344224,0.46808510638297873,0.7096774193548387,170,18,50,44,0.09574468085106383
2048,0.023038938641548157,3.1272006034851074,1.0,0,376,752,94,188,RandomForest,5,roc_auc,0.877447565160141,"{""max_depth"": 10, ""n_estimators"": 500}",3.391552686691284,0.051189422607421875,0.8822148030783159,0.7234999438465933,0.7267782801440733,0.7730496453900709,0.5897435897435898,0.4601415057116586,0.48936170212765956,0.7419354838709677,172,16,48,46,0.0851063829787234
2048,0.023038938641548157,3.1272006034851074,1.0,1,376,752,94,188,XGBoost,5,roc_auc,0.9150194740714921,"{""learning_rate"": 0.03, ""max_depth"": 3, ""n_estimators"": 300}",4.402935028076172,0.003353595733642578,0.898936170212766,0.7123415865923701,0.714061501662864,0.8049645390070922,0.6927374301675978,0.5519043282837901,0.6595744680851063,0.7294117647058823,165,23,32,62,0.12234042553191489
2048,0.023038938641548157,3.1272006034851074,1.0,1,376,752,94,188,LogReg,5,roc_auc,0.864669101119244,"{""C"": 0.01}",3.081089973449707,0.0014102458953857422,0.8917779538252603,0.7680450960029839,0.7701700693585896,0.8156028368794326,0.7011494252873564,0.5729299803433555,0.648936170212766,0.7625,169,19,33,61,0.10106382978723404
2048,0.023038938641548157,3.1272006034851074,1.0,1,376,752,94,188,SVM,5,roc_auc,0.8424885550520894,"{""C"": 0.1, ""kernel"": ""rbf""}",56.55941867828369,0.1802809238433838,0.8710672249886826,0.7099743744869199,0.712649670606001,0.7659574468085106,0.5925925925925926,0.44548927337062816,0.5106382978723404,0.7058823529411765,168,20,46,48,0.10638297872340426
2048,0.023038938641548157,3.1272006034851074,1.0,1,376,752,94,188,RandomForest,5,roc_auc,0.8895663351535571,"{""max_depth"": 10, ""n_estimators"": 500}",3.4420480728149414,0.051096200942993164,0.8859495246717972,0.7384606979105576,0.7413540902137636,0.7624113475177305,0.5732484076433121,0.4334361862984619,0.4787234042553192,0.7142857142857143,170,18,49,45,0.09574468085106383
2048,0.023038938641548157,3.1272006034851074,1.0,2,376,752,94,188,XGBoost,5,roc_auc,0.9117460261027845,"{""learning_rate"": 0.03, ""max_depth"": 3, ""n_estimators"": 300}",4.633024215698242,0.002470731735229492,0.9025860117700317,0.7632821782760433,0.7636608101158567,0.8262411347517731,0.7379679144385026,0.6080194569339378,0.7340425531914894,0.7419354838709677,164,24,25,69,0.1276595744680851
2048,0.023038938641548157,3.1272006034851074,1.0,2,376,752,94,188,LogReg,5,roc_auc,0.8520456194570312,"{""C"": 0.01}",3.204202890396118,0.004007101058959961,0.8817621095518333,0.7553792588681578,0.7572216044176143,0.8014184397163121,0.6744186046511628,0.53813823519705,0.6170212765957447,0.7435897435897436,168,20,36,58,0.10638297872340426
2048,0.023038938641548157,3.1272006034851074,1.0,2,376,752,94,188,SVM,5,roc_auc,0.8311837767708455,"{""C"": 0.1, ""kernel"": ""rbf""}",55.54554605484009,0.17014408111572266,0.8621265278406518,0.6945679057101092,0.6970104053376693,0.7588652482269503,0.575,0.42640143271122083,0.48936170212765956,0.696969696969697,168,20,48,46,0.10638297872340426
2048,0.023038938641548157,3.1272006034851074,1.0,2,376,752,94,188,RandomForest,5,roc_auc,0.8838693133495992,"{""max_depth"": 10, ""n_estimators"": 200}",3.220093011856079,0.03105020523071289,0.8831767768220915,0.7239747905871284,0.7270290637880912,0.7553191489361702,0.5490196078431373,0.41302978145023006,0.44680851063829785,0.711864406779661,171,17,52,42,0.09042553191489362
4096,0.011696672067046165,3.031196355819702,0.05,0,19,38,94,188,XGBoost,5,roc_auc,0.8523809523809524,"{""learning_rate"": 0.1, ""max_depth"": 3, ""n_estimators"": 600}",1.1199040412902832,0.003756999969482422,0.8383884110457221,0.6603097843836956,0.6650636581024201,0.7836879432624113,0.6934673366834171,0.5290587374760556,0.7340425531914894,0.6571428571428571,152,36,25,69,0.19148936170212766
4096,0.011696672067046165,3.031196355819702,0.05,0,19,38,94,188,LogReg,5,roc_auc,0.8821428571428571,"{""C"": 0.1}",0.07164549827575684,0.0034914016723632812,0.7747849705749208,0.5493980964857692,0.5551726246315041,0.7127659574468085,0.4,0.28454079713867414,0.2872340425531915,0.6585365853658537,174,14,67,27,0.07446808510638298
4096,0.011696672067046165,3.031196355819702,0.05,0,19,38,94,188,SVM,5,roc_auc,0.8377976190476192,"{""C"": 0.1, ""kernel"": ""linear""}",0.09670472145080566,0.014719963073730469,0.7320054323223177,0.5025742013979434,0.5109533572604245,0.6453900709219859,0.5934959349593496,0.33702827282019227,0.776595744680851,0.48026315789473684,109,79,21,73,0.42021276595744683
4096,0.011696672067046165,3.031196355819702,0.05,0,19,38,94,188,RandomForest,5,roc_auc,0.89375,"{""max_depth"": 10, ""n_estimators"": 200}",0.9737486839294434,0.029189348220825195,0.7828768673607968,0.5816631447189233,0.5898067984739204,0.7127659574468085,0.37209302325581395,0.28138712838511515,0.2553191489361702,0.6857142857142857,177,11,70,24,0.05851063829787234
4096,0.011696672067046165,3.031196355819702,0.05,1,19,38,94,188,XGBoost,5,roc_auc,0.9127976190476191,"{""learning_rate"": 0.1, ""max_depth"": 3, ""n_estimators"": 300}",0.9300992488861084,0.0033359527587890625,0.8267598460842009,0.6418801443603716,0.6493868684743724,0.7163120567375887,0.6428571428571429,0.43260345466472444,0.7659574468085106,0.5538461538461539,130,58,22,72,0.30851063829787234
4096,0.011696672067046165,3.031196355819702,0.05,1,19,38,94,188,LogReg,5,roc_auc,0.8464285714285715,"{""C"": 0.01}",0.06602215766906738,0.003565549850463867,0.8375396106835672,0.6413699056045566,0.646713414797125,0.7092198581560284,0.39705882352941174,0.2746751327867679,0.2872340425531915,0.6428571428571429,173,15,67,27,0.0797872340425532
4096,0.011696672067046165,3.031196355819702,0.05,1,19,38,94,188,SVM,5,roc_auc,0.8035714285714285,"{""C"": 0.1, ""kernel"": ""linear""}",0.0859992504119873,0.01450967788696289,0.784857401539158,0.5889492896989864,0.5926382451692966,0.6950354609929078,0.6293103448275862,0.406302254164471,0.776595744680851,0.5289855072463768,123,65,21,73,0.34574468085106386
4096,0.011696672067046165,3.031196355819702,0.05,1,19,38,94,188,RandomForest,5,roc_auc,0.9148809523809524,"{""max_depth"": 10, ""n_estimators"": 500}",1.114424467086792,0.05030679702758789,0.8450090538705296,0.6643667808844985,0.6683817655617336,0.7198581560283688,0.3875968992248062,0.3042023009568813,0.26595744680851063,0.7142857142857143,178,10,69,25,0.05319148936170213
4096,0.011696672067046165,3.031196355819702,0.05,2,19,38,94,188,XGBoost,5,roc_auc,0.8803571428571428,"{""learning_rate"": 0.03, ""max_depth"": 3, ""n_estimators"": 300}",0.9498202800750732,0.003475189208984375,0.714095744680851,0.4999734184270369,0.5077070537140541,0.6985815602836879,0.5771144278606966,0.34621740085029723,0.6170212765957447,0.5420560747663551,139,49,36,58,0.26063829787234044
4096,0.011696672067046165,3.031196355819702,0.05,2,19,38,94,188,LogReg,5,roc_auc,0.9660714285714287,"{""C"": 0.01}",0.06588196754455566,0.003499269485473633,0.8145654142145767,0.6158186294900099,0.6222132454320922,0.7092198581560284,0.36923076923076925,0.2705008904002297,0.2553191489361702,0.6666666666666666,176,12,70,24,0.06382978723404255
4096,0.011696672067046165,3.031196355819702,0.05,2,19,38,94,188,SVM,5,roc_auc,0.9178571428571429,"{""C"": 0.1, ""kernel"": ""linear""}",0.09537291526794434,0.013977527618408203,0.7843198279764599,0.6123221198616089,0.6166857283464278,0.7127659574468085,0.64,0.4273461605221197,0.7659574468085106,0.549618320610687,129,59,22,72,0.31382978723404253
4096,0.011696672067046165,3.031196355819702,0.05,2,19,38,94,188,RandomForest,5,roc_auc,0.9517857142857142,"{""max_depth"": 10, ""n_estimators"": 200}",0.9655685424804688,0.029546260833740234,0.7975894069714803,0.5811997054109183,0.5896417748243299,0.6985815602836879,0.34108527131782945,0.23575678324158297,0.23404255319148937,0.6285714285714286,175,13,72,22,0.06914893617021277
4096,0.011696672067046165,3.031196355819702,0.1,0,38,76,94,188,XGBoost,5,roc_auc,0.9080952380952381,"{""learning_rate"": 0.03, ""max_depth"": 6, ""n_estimators"": 300}",1.720395565032959,0.0037674903869628906,0.8111985061113627,0.6055215006075769,0.6112085090727305,0.776595744680851,0.676923076923077,0.5072905382225475,0.7021276595744681,0.6534653465346535,153,35,28,66,0.18617021276595744
4096,0.011696672067046165,3.031196355819702,0.1,0,38,76,94,188,LogReg,5,roc_auc,0.8834523809523811,"{""C"": 0.01}",0.213881254196167,0.002460002899169922,0.8028519692168402,0.5886746127240633,0.5943135717393311,0.6950354609929078,0.3384615384615385,0.22541740866685808,0.23404255319148937,0.6111111111111112,174,14,72,22,0.07446808510638298
4096,0.011696672067046165,3.031196355819702,0.1,0,38,76,94,188,SVM,5,roc_auc,0.8585714285714285,"{""C"": 0.1, ""kernel"": ""linear""}",0.35483384132385254,0.026716947555541992,0.757384563150747,0.5419287917495502,0.5500734962195704,0.6879432624113475,0.5268817204301075,0.29415550301538373,0.5212765957446809,0.532608695652174,145,43,45,49,0.22872340425531915
4096,0.011696672067046165,3.031196355819702,0.1,0,38,76,94,188,RandomForest,5,roc_auc,0.8932142857142857,"{""max_depth"": 10, ""n_estimators"": 200}",1.1456942558288574,0.028377294540405273,0.8160932548664555,0.6055914719099864,0.611247260873426,0.6914893617021277,0.2689075630252101,0.2028973020399662,0.1702127659574468,0.64,179,9,78,16,0.047872340425531915
4096,0.011696672067046165,3.031196355819702,0.1,1,38,76,94,188,XGBoost,5,roc_auc,0.9522619047619048,"{""learning_rate"": 0.03, ""max_depth"": 3, ""n_estimators"": 600}",1.9754908084869385,0.004841327667236328,0.8460559076505206,0.6468770657584028,0.650888086502544,0.7659574468085106,0.6666666666666666,0.48852431558156234,0.7021276595744681,0.6346153846153846,150,38,28,66,0.20212765957446807
4096,0.011696672067046165,3.031196355819702,0.1,1,38,76,94,188,LogReg,5,roc_auc,0.8872619047619048,"{""C"": 0.01}",0.21686458587646484,0.0025649070739746094,0.8368888637392485,0.6474616682331378,0.6510349267399869,0.6879432624113475,0.3230769230769231,0.20287566780017227,0.22340425531914893,0.5833333333333334,173,15,73,21,0.0797872340425532
4096,0.011696672067046165,3.031196355819702,0.1,1,38,76,94,188,SVM,5,roc_auc,0.863452380952381,"{""C"": 0.1, ""kernel"": ""linear""}",0.3897206783294678,0.01781749725341797,0.79490153915799,0.6053195347990881,0.6091306711239904,0.7340425531914894,0.6073298429319371,0.40644706892582594,0.6170212765957447,0.5979381443298969,149,39,36,58,0.2074468085106383
4096,0.011696672067046165,3.031196355819702,0.1,1,38,76,94,188,RandomForest,5,roc_auc,0.9092857142857144,"{""max_depth"": null, ""n_estimators"": 500}",1.3809449672698975,0.04907417297363281,0.8334936622906293,0.6467661747436987,0.6504190449572935,0.6985815602836879,0.3609022556390977,0.23969749850222494,0.2553191489361702,0.6153846153846154,173,15,70,24,0.0797872340425532
4096,0.011696672067046165,3.031196355819702,0.1,2,38,76,94,188,XGBoost,5,roc_auc,0.9151190476190477,"{""learning_rate"": 0.1, ""max_depth"": 6, ""n_estimators"": 300}",1.565394639968872,0.004179239273071289,0.8547136713444997,0.6993824557590128,0.7012230865607011,0.7907801418439716,0.7064676616915423,0.5477469326885299,0.7553191489361702,0.6635514018691588,152,36,23,71,0.19148936170212766
4096,0.011696672067046165,3.031196355819702,0.1,2,38,76,94,188,LogReg,5,roc_auc,0.93,"{""C"": 1}",0.19644856452941895,0.0033674240112304688,0.8298438207333635,0.6365952025636502,0.6445760885294131,0.723404255319149,0.4507042253521127,0.32025630761017426,0.3404255319148936,0.6666666666666666,172,16,62,32,0.0851063829787234
4096,0.011696672067046165,3.031196355819702,0.1,2,38,76,94,188,SVM,5,roc_auc,0.9169047619047619,"{""C"": 0.1, ""kernel"": ""linear""}",0.37807178497314453,0.01752448081970215,0.817960615663196,0.6305483598983305,0.6358726515273152,0.7269503546099291,0.6547085201793722,0.45298825416685223,0.776595744680851,0.5658914728682171,132,56,21,73,0.2978723404255319
4096,0.011696672067046165,3.031196355819702,0.1,2,38,76,94,188,RandomForest,5,roc_auc,0.9347619047619048,"{""max_depth"": 10, ""n_estimators"": 500}",1.3874809741973877,0.05095314979553223,0.8415006790402898,0.6582960093892052,0.6658825882122692,0.723404255319149,0.390625,0.3157210656122699,0.26595744680851063,0.7352941176470589,179,9,69,25,0.047872340425531915
4096,0.011696672067046165,3.031196355819702,0.2,0,75,150,94,188,XGBoost,5,roc_auc,0.9071111111111112,"{""learning_rate"": 0.03, ""max_depth"": 3, ""n_estimators"": 300}",2.721639633178711,0.004379749298095703,0.8785366681756451,0.7046764395660645,0.7084138359189986,0.8368794326241135,0.77,0.6471213801270174,0.8191489361702128,0.7264150943396226,159,29,17,77,0.15425531914893617
4096,0.011696672067046165,3.031196355819702,0.2,0,75,150,94,188,LogReg,5,roc_auc,0.8591111111111112,"{""C"": 0.01}",0.45863842964172363,0.003142118453979492,0.84857401539158,0.6764509518047171,0.6807525958941832,0.7446808510638298,0.5068493150684932,0.3814796925825054,0.39361702127659576,0.7115384615384616,173,15,57,37,0.0797872340425532
4096,0.011696672067046165,3.031196355819702,0.2,0,75,150,94,188,SVM,5,roc_auc,0.8302222222222223,"{""C"": 0.1, ""kernel"": ""linear""}",3.0259768962860107,0.02981710433959961,0.8154708012675419,0.6798468843095324,0.6818822439957212,0.7730496453900709,0.6097560975609756,0.464363460212572,0.5319148936170213,0.7142857142857143,168,20,44,50,0.10638297872340426
4096,0.011696672067046165,3.031196355819702,0.2,0,75,150,94,188,RandomForest,5,roc_auc,0.9022222222222223,"{""max_depth"": null, ""n_estimators"": 200}",1.4091386795043945,0.029186487197875977,0.867077863286555,0.6882215948063907,0.6919587532317731,0.7836879432624113,0.6211180124223602,0.48899730232381877,0.5319148936170213,0.746268656716418,171,17,44,50,0.09042553191489362
4096,0.011696672067046165,3.031196355819702,0.2,1,75,150,94,188,XGBoost,5,roc_auc,0.9424444444444445,"{""learning_rate"": 0.03, ""max_depth"": 6, ""n_estimators"": 300}",2.9376838207244873,0.004338741302490234,0.8756224535989134,0.7388417413348943,0.7414271284353318,0.8156028368794326,0.7450980392156863,0.6066056393500904,0.8085106382978723,0.6909090909090909,154,34,18,76,0.18085106382978725
4096,0.011696672067046165,3.031196355819702,0.2,1,75,150,94,188,LogReg,5,roc_auc,0.8364444444444444,"{""C"": 0.01}",0.41325974464416504,0.00267791748046875,0.8890334993209597,0.7150820623431079,0.7192961655631427,0.776595744680851,0.5771812080536913,0.4682981569433686,0.4574468085106383,0.7818181818181819,176,12,51,43,0.06382978723404255
4096,0.011696672067046165,3.031196355819702,0.2,1,75,150,94,188,SVM,5,roc_auc,0.8111111111111111,"{""C"": 0.1, ""kernel"": ""linear""}",3.4754018783569336,0.03256726264953613,0.8708125848800362,0.7180450911294924,0.7200828016869933,0.7978723404255319,0.6742857142857143,0.5320049792574042,0.6276595744680851,0.7283950617283951,166,22,35,59,0.11702127659574468
4096,0.011696672067046165,3.031196355819702,0.2,1,75,150,94,188,RandomForest,5,roc_auc,0.9102222222222223,"{""max_depth"": 10, ""n_estimators"": 500}",1.632622241973877,0.05046534538269043,0.8761883205070168,0.6913638283452586,0.6963697720586762,0.7340425531914894,0.42748091603053434,0.3490590930110244,0.2978723404255319,0.7567567567567568,179,9,66,28,0.047872340425531915
4096,0.011696672067046165,3.031196355819702,0.2,2,75,150,94,188,XGBoost,5,roc_auc,0.8911111111111112,"{""learning_rate"": 0.03, ""max_depth"": 6, ""n_estimators"": 300}",3.2232024669647217,0.0043408870697021484,0.8757922136713445,0.7335212034841876,0.7359111320752222,0.8085106382978723,0.7272727272727273,0.5820715249482445,0.7659574468085106,0.6923076923076923,156,32,22,72,0.1702127659574468
4096,0.011696672067046165,3.031196355819702,0.2,2,75,150,94,188,LogReg,5,roc_auc,0.8493333333333333,"{""C"": 1}",0.4485909938812256,0.0025320053100585938,0.8348234495246718,0.6535497155840639,0.6577582869840084,0.74822695035461,0.5419354838709678,0.3958560661052499,0.44680851063829785,0.6885245901639344,169,19,52,42,0.10106382978723404
4096,0.011696672067046165,3.031196355819702,0.2,2,75,150,94,188,SVM,5,roc_auc,0.8319999999999999,"{""C"": 0.1, ""kernel"": ""linear""}",3.3184306621551514,0.054672956466674805,0.8153576278859211,0.6264607527544237,0.6311780365968407,0.74822695035461,0.5590062111801242,0.4006242958797552,0.4787234042553192,0.6716417910447762,166,22,49,45,0.11702127659574468
4096,0.011696672067046165,3.031196355819702,0.2,2,75,150,94,188,RandomForest,5,roc_auc,0.8880000000000001,"{""max_depth"": 20, ""n_estimators"": 200}",1.378037929534912,0.029593706130981445,0.8728497057492077,0.6879143743255818,0.6958008801209487,0.776595744680851,0.5771812080536913,0.4682981569433686,0.4574468085106383,0.7818181818181819,176,12,51,43,0.06382978723404255
4096,0.011696672067046165,3.031196355819702,0.4,0,150,300,94,188,XGBoost,5,roc_auc,0.9123333333333333,"{""learning_rate"": 0.1, ""max_depth"": 3, ""n_estimators"": 300}",4.991558313369751,0.0037627220153808594,0.8907876867360797,0.7567169262496262,0.7588880417796569,0.8226950354609929,0.7282608695652174,0.5970849325403101,0.7127659574468085,0.7444444444444445,165,23,27,67,0.12234042553191489
4096,0.011696672067046165,3.031196355819702,0.4,0,150,300,94,188,LogReg,5,roc_auc,0.8624444444444445,"{""C"": 0.01}",1.3702998161315918,0.002412557601928711,0.8456315074694432,0.6743143189509841,0.6783063364555252,0.7624113475177305,0.5503355704697986,0.4303280361101225,0.43617021276595747,0.7454545454545455,174,14,53,41,0.07446808510638298
4096,0.011696672067046165,3.031196355819702,0.4,0,150,300,94,188,SVM,5,roc_auc,0.8261111111111111,"{""C"": 0.1, ""kernel"": ""linear""}",20.908615589141846,0.05728936195373535,0.7957786328655501,0.6189841842436274,0.6244368371249214,0.7659574468085106,0.5822784810126582,0.4429946569147825,0.48936170212765956,0.71875,170,18,48,46,0.09574468085106383
4096,0.011696672067046165,3.031196355819702,0.4,0,150,300,94,188,RandomForest,5,roc_auc,0.8864444444444445,"{""max_depth"": 20, ""n_estimators"": 500}",2.389085531234741,0.051090240478515625,0.8755658669081031,0.6938302590594494,0.6981848903740647,0.75177304964539,0.5679012345679012,0.41031906757821013,0.48936170212765956,0.6764705882352942,166,22,48,46,0.11702127659574468
4096,0.011696672067046165,3.031196355819702,0.4,1,150,300,94,188,XGBoost,5,roc_auc,0.9200000000000002,"{""learning_rate"": 0.03, ""max_depth"": 3, ""n_estimators"": 300}",5.154484272003174,0.0036122798919677734,0.8892881394296062,0.7467267853553236,0.7497956591823943,0.8297872340425532,0.7551020408163265,0.6262242910851495,0.7872340425531915,0.7254901960784313,160,28,20,74,0.14893617021276595
4096,0.011696672067046165,3.031196355819702,0.4,1,150,300,94,188,LogReg,5,roc_auc,0.8654444444444443,"{""C"": 0.01}",1.5508639812469482,0.0022993087768554688,0.8646446355817112,0.6943499507978026,0.697295040641577,0.7553191489361702,0.5490196078431373,0.41302978145023006,0.44680851063829785,0.711864406779661,171,17,52,42,0.09042553191489362
4096,0.011696672067046165,3.031196355819702,0.4,1,150,300,94,188,SVM,5,roc_auc,0.8251111111111111,"{""C"": 0.1, ""kernel"": ""linear""}",21.101354598999023,0.06960701942443848,0.8258544590312358,0.672128519875153,0.674670606227898,0.75177304964539,0.573170731707317,0.4121225709386577,0.5,0.6714285714285714,165,23,47,47,0.12234042553191489
4096,0.011696672067046165,3.031196355819702,0.4,1,150,300,94,188,RandomForest,5,roc_auc,0.8976666666666666,"{""max_depth"": 20, ""n_estimators"": 500}",2.2954182624816895,0.05049896240234375,0.8766410140334993,0.6969389383060488,0.7019137222448361,0.7553191489361702,0.5605095541401274,0.4153763452026927,0.46808510638297873,0.6984126984126984,169,19,50,44,0.10106382978723404
4096,0.011696672067046165,3.031196355819702,0.4,2,150,300,94,188,XGBoost,5,roc_auc,0.9318333333333332,"{""learning_rate"": 0.03, ""max_depth"": 6, ""n_estimators"": 300}",5.147462844848633,0.003977060317993164,0.8859778180172024,0.7468766478660581,0.7492869988006902,0.7978723404255319,0.7106598984771574,0.5572160945216185,0.7446808510638298,0.6796116504854369,155,33,24,70,0.17553191489361702
4096,0.011696672067046165,3.031196355819702,0.4,2,150,300,94,188,LogReg,5,roc_auc,0.8716111111111111,"{""C"": 0.01}",1.460542917251587,0.003267049789428711,0.8645314622000906,0.7119059947177008,0.71507175677413,0.7553191489361702,0.5369127516778524,0.4113429756934994,0.425531914893617,0.7272727272727273,173,15,54,40,0.0797872340425532
4096,0.011696672067046165,3.031196355819702,0.4,2,150,300,94,188,SVM,5,roc_auc,0.8301666666666666,"{""C"": 0.1, ""kernel"": ""linear""}",20.72040891647339,0.0775899887084961,0.8404821186057039,0.6943458477471741,0.6986431791307326,0.7553191489361702,0.5818181818181818,0.4217328786327096,0.5106382978723404,0.676056338028169,165,23,46,48,0.12234042553191489
4096,0.011696672067046165,3.031196355819702,0.4,2,150,300,94,188,RandomForest,5,roc_auc,0.9112777777777777,"{""max_depth"": 20, ""n_estimators"": 500}",2.284726858139038,0.05220174789428711,0.8768673607967407,0.720938102201187,0.7243213181570153,0.7730496453900709,0.6144578313253012,0.4657942525560891,0.5425531914893617,0.7083333333333334,167,21,43,51,0.11170212765957446
4096,0.011696672067046165,3.031196355819702,0.6,0,226,452,94,188,XGBoost,5,roc_auc,0.8879260085057187,"{""learning_rate"": 0.03, ""max_depth"": 3, ""n_estimators"": 300}",7.3328351974487305,0.0043487548828125,0.9003225441376188,0.7546030060918938,0.756920650702449,0.8262411347517731,0.7262569832402235,0.6010839218932368,0.6914893617021277,0.7647058823529411,168,20,29,65,0.10638297872340426
4096,0.011696672067046165,3.031196355819702,0.6,0,226,452,94,188,LogReg,5,roc_auc,0.8212818625282393,"{""C"": 0.01}",4.165677309036255,0.002393960952758789,0.8456315074694433,0.6613152639505965,0.6651704872374066,0.75177304964539,0.5783132530120482,0.4140393356054125,0.5106382978723404,0.6666666666666666,164,24,46,48,0.1276595744680851
4096,0.011696672067046165,3.031196355819702,0.6,0,226,452,94,188,SVM,5,roc_auc,0.7839030041348882,"{""C"": 0.1, ""kernel"": ""linear""}",46.428186893463135,0.08204078674316406,0.8090482118605704,0.6645044300022374,0.6669500704489238,0.7304964539007093,0.5365853658536586,0.3598816816647433,0.46808510638297873,0.6285714285714286,162,26,50,44,0.13829787234042554
4096,0.011696672067046165,3.031196355819702,0.6,0,226,452,94,188,RandomForest,5,roc_auc,0.8695064913615639,"{""max_depth"": 20, ""n_estimators"": 500}",3.7642931938171387,0.07453727722167969,0.8738682661837935,0.6871887303989502,0.6912034929529305,0.7624113475177305,0.588957055214724,0.4374535230321356,0.5106382978723404,0.6956521739130435,167,21,46,48,0.11170212765957446
4096,0.011696672067046165,3.031196355819702,0.6,1,226,452,94,188,XGBoost,5,roc_auc,0.934689376109666,"{""learning_rate"": 0.03, ""max_depth"": 3, ""n_estimators"": 300}",7.047536849975586,0.005236625671386719,0.9031235853327297,0.7736593054247289,0.7743253904906838,0.8333333333333334,0.7513227513227513,0.6260145157562383,0.7553191489361702,0.7473684210526316,164,24,23,71,0.1276595744680851
4096,0.011696672067046165,3.031196355819702,0.6,1,226,452,94,188,LogReg,5,roc_auc,0.8639820624893089,"{""C"": 0.01}",3.691760301589966,0.0030460357666015625,0.8796401086464464,0.7538616563286977,0.7557097034446767,0.776595744680851,0.6086956521739131,0.47132270103500606,0.5212765957446809,0.7313432835820896,170,18,45,49,0.09574468085106383
4096,0.011696672067046165,3.031196355819702,0.6,1,226,452,94,188,SVM,5,roc_auc,0.834814749930692,"{""C"": 0.1, ""kernel"": ""linear""}",46.30778360366821,0.06872415542602539,0.8529877772747849,0.7439895628926566,0.745289928903417,0.7730496453900709,0.6144578313253012,0.4657942525560891,0.5425531914893617,0.7083333333333334,167,21,43,51,0.11170212765957446
4096,0.011696672067046165,3.031196355819702,0.6,1,226,452,94,188,RandomForest,5,roc_auc,0.8984059327682516,"{""max_depth"": 20, ""n_estimators"": 500}",3.8934903144836426,0.06489324569702148,0.8922023540063377,0.7405066736161318,0.7448432195368883,0.7801418439716312,0.6125,0.47970161180012344,0.5212765957446809,0.7424242424242424,171,17,45,49,0.09042553191489362
4096,0.011696672067046165,3.031196355819702,0.6,2,226,452,94,188,XGBoost,5,roc_auc,0.9130956332985317,"{""learning_rate"": 0.03, ""max_depth"": 3, ""n_estimators"": 300}",7.6042351722717285,0.004359722137451172,0.9065470801267542,0.7878241056055688,0.7892845636471172,0.8439716312056738,0.7684210526315789,0.6508756508759763,0.776595744680851,0.7604166666666666,165,23,21,73,0.12234042553191489
4096,0.011696672067046165,3.031196355819702,0.6,2,226,452,94,188,LogReg,5,roc_auc,0.8699021960326307,"{""C"": 0.01}",4.137817144393921,0.002428770065307617,0.8739814395654143,0.7255271881202934,0.728649830430911,0.7801418439716312,0.5921052631578947,0.4776807294735102,0.4787234042553192,0.7758620689655172,175,13,49,45,0.06914893617021277
4096,0.011696672067046165,3.031196355819702,0.6,2,226,452,94,188,SVM,5,roc_auc,0.8324619572590587,"{""C"": 0.1, ""kernel"": ""rbf""}",46.96719765663147,0.4314005374908447,0.8566659121774558,0.675052069431194,0.6831666237422072,0.7446808510638298,0.4782608695652174,0.3800431200656627,0.35106382978723405,0.75,177,11,61,33,0.05851063829787234
4096,0.011696672067046165,3.031196355819702,0.6,2,226,452,94,188,RandomForest,5,roc_auc,0.8934525608583579,"{""max_depth"": 20, ""n_estimators"": 500}",3.678739309310913,0.06392025947570801,0.8838841104572204,0.7056874080336467,0.7108522806520208,0.7801418439716312,0.6172839506172839,0.4806594791630462,0.5319148936170213,0.7352941176470589,170,18,44,50,0.09574468085106383
4096,0.011696672067046165,3.031196355819702,0.8,0,301,602,94,188,XGBoost,5,roc_auc,0.9093084213972814,"{""learning_rate"": 0.03, ""max_depth"": 3, ""n_estimators"": 300}",9.29663610458374,0.004238128662109375,0.9019918515165234,0.7453323360212296,0.7472680629744658,0.8404255319148937,0.7513812154696132,0.6351757834348449,0.723404255319149,0.7816091954022989,169,19,26,68,0.10106382978723404
4096,0.011696672067046165,3.031196355819702,0.8,0,301,602,94,188,LogReg,5,roc_auc,0.8527691896611419,"{""C"": 0.01}",5.519235134124756,0.0024919509887695312,0.872170665459484,0.7109734188272182,0.7141370592405453,0.7836879432624113,0.6257668711656442,0.4899479457959919,0.5425531914893617,0.7391304347826086,170,18,43,51,0.09574468085106383
4096,0.011696672067046165,3.031196355819702,0.8,0,301,602,94,188,SVM,5,roc_auc,0.8133346016047209,"{""C"": 0.1, ""kernel"": ""rbf""}",83.80459904670715,0.6253602504730225,0.8373698506111362,0.6446349970723618,0.650174608818205,0.7304964539007093,0.4492753623188406,0.33858387060395406,0.32978723404255317,0.7045454545454546,175,13,63,31,0.06914893617021277
4096,0.011696672067046165,3.031196355819702,0.8,0,301,602,94,188,RandomForest,5,roc_auc,0.8816584737087718,"{""max_depth"": 20, ""n_estimators"": 500}",5.848572254180908,0.08895015716552734,0.8710955183340878,0.6815129901962622,0.6852486433529896,0.7624113475177305,0.5786163522012578,0.4346316184349148,0.48936170212765956,0.7076923076923077,169,19,48,46,0.10106382978723404
4096,0.011696672067046165,3.031196355819702,0.8,1,301,602,94,188,XGBoost,5,roc_auc,0.9070695724006083,"{""learning_rate"": 0.03, ""max_depth"": 3, ""n_estimators"": 300}",8.228970766067505,0.003780841827392578,0.8965312358533273,0.771046115346503,0.7717869869326075,0.8262411347517731,0.73224043715847,0.6042676812754322,0.7127659574468085,0.7528089887640449,166,22,27,67,0.11702127659574468
4096,0.011696672067046165,3.031196355819702,0.8,1,301,602,94,188,LogReg,5,roc_auc,0.8457632208824458,"{""C"": 0.01}",5.327487468719482,0.0025980472564697266,0.8501584427342689,0.6719589971138106,0.6753300044511931,0.7588652482269503,0.5853658536585366,0.4295362006966291,0.5106382978723404,0.6857142857142857,166,22,46,48,0.11702127659574468
4096,0.011696672067046165,3.031196355819702,0.8,1,301,602,94,188,SVM,5,roc_auc,0.812004884914721,"{""C"": 0.1, ""kernel"": ""rbf""}",83.03163433074951,0.6429221630096436,0.8207333635129017,0.6167151754637366,0.6253105852622519,0.74822695035461,0.5170068027210885,0.39152469616489277,0.40425531914893614,0.7169811320754716,173,15,56,38,0.0797872340425532
4096,0.011696672067046165,3.031196355819702,0.8,1,301,602,94,188,RandomForest,5,roc_auc,0.8759895377019072,"{""max_depth"": 10, ""n_estimators"": 200}",5.509625673294067,0.032958984375,0.8693413309189679,0.686051771678726,0.6934306580402846,0.7340425531914894,0.4755244755244755,0.3507396556348602,0.3617021276595745,0.6938775510204082,173,15,60,34,0.0797872340425532
4096,0.011696672067046165,3.031196355819702,0.8,2,301,602,94,188,XGBoost,5,roc_auc,0.9174454041156725,"{""learning_rate"": 0.03, ""max_depth"": 3, ""n_estimators"": 300}",8.721655368804932,0.0037543773651123047,0.9029255319148937,0.7701379986884215,0.7722255601309408,0.8297872340425532,0.7362637362637363,0.6115348965590318,0.7127659574468085,0.7613636363636364,167,21,27,67,0.11170212765957446
4096,0.011696672067046165,3.031196355819702,0.8,2,301,602,94,188,LogReg,5,roc_auc,0.8448843633804513,"{""C"": 0.01}",6.497941732406616,0.002694845199584961,0.8637392485287461,0.69662950273878,0.7000824078918428,0.7730496453900709,0.6235294117647059,0.4690538318674903,0.5638297872340425,0.6973684210526315,165,23,41,53,0.12234042553191489
4096,0.011696672067046165,3.031196355819702,0.8,2,301,602,94,188,SVM,5,roc_auc,0.8218381787321803,"{""C"": 0.1, ""kernel"": ""rbf""}",78.59054613113403,0.6711559295654297,0.8380488909008601,0.6282784581458072,0.6366693869240401,0.7340425531914894,0.4897959183673469,0.35301407031260823,0.3829787234042553,0.6792452830188679,171,17,58,36,0.09042553191489362
4096,0.011696672067046165,3.031196355819702,0.8,2,301,602,94,188,RandomForest,5,roc_auc,0.8860934174080597,"{""max_depth"": 10, ""n_estimators"": 500}",5.791696310043335,0.06492185592651367,0.8660027161611589,0.6699096734867013,0.6774594247433207,0.7304964539007093,0.45714285714285713,0.3393283061236894,0.3404255319148936,0.6956521739130435,174,14,62,32,0.07446808510638298
4096,0.011696672067046165,3.031196355819702,1.0,0,376,752,94,188,XGBoost,5,roc_auc,0.9234029503117618,"{""learning_rate"": 0.03, ""max_depth"": 3, ""n_estimators"": 600}",9.527971982955933,0.004379749298095703,0.9026991851516523,0.7544885749062048,0.7570641928422439,0.8368794326241135,0.7472527472527473,0.6277703362906875,0.723404255319149,0.7727272727272727,168,20,26,68,0.10638297872340426
4096,0.011696672067046165,3.031196355819702,1.0,0,376,752,94,188,LogReg,5,roc_auc,0.8535863645869641,"{""C"": 0.01}",7.844040393829346,0.003948688507080078,0.8584200995925758,0.6996461475162602,0.7026334055225947,0.7624113475177305,0.5988023952095808,0.4407995619157848,0.5319148936170213,0.684931506849315,165,23,44,50,0.12234042553191489
4096,0.011696672067046165,3.031196355819702,1.0,0,376,752,94,188,SVM,5,roc_auc,0.8332458572479764,"{""C"": 0.1, ""kernel"": ""rbf""}",118.9643087387085,0.8020915985107422,0.8259393390674513,0.6260130174387863,0.6341427858614682,0.7340425531914894,0.4827586206896552,0.35179339724734693,0.3723404255319149,0.6862745098039216,172,16,59,35,0.0851063829787234
4096,0.011696672067046165,3.031196355819702,1.0,0,376,752,94,188,RandomForest,5,roc_auc,0.8882581681577012,"{""max_depth"": 10, ""n_estimators"": 500}",8.12621283531189,0.07536530494689941,0.8618718877320053,0.6694433758478772,0.6770147045277588,0.7304964539007093,0.4647887323943662,0.34027232683581016,0.35106382978723405,0.6875,173,15,61,33,0.0797872340425532
4096,0.011696672067046165,3.031196355819702,1.0,1,376,752,94,188,XGBoost,5,roc_auc,0.9145616025715503,"{""learning_rate"": 0.03, ""max_depth"": 3, ""n_estimators"": 300}",9.056514024734497,0.00371551513671875,0.9009449977365324,0.7397929747207848,0.7430529813448313,0.8439716312056738,0.7608695652173914,0.6454972243679028,0.7446808510638298,0.7777777777777778,168,20,24,70,0.10638297872340426
4096,0.011696672067046165,3.031196355819702,1.0,1,376,752,94,188,LogReg,5,roc_auc,0.8460040703303513,"{""C"": 0.01}",7.422961711883545,0.0025568008422851562,0.8682661837935717,0.737612926686695,0.7397726248236939,0.776595744680851,0.631578947368421,0.4783894954368399,0.574468085106383,0.7012987012987013,165,23,40,54,0.12234042553191489
4096,0.011696672067046165,3.031196355819702,1.0,1,376,752,94,188,SVM,5,roc_auc,0.827051270671159,"{""C"": 0.1, ""kernel"": ""rbf""}",127.49435305595398,0.8266072273254395,0.827636939791761,0.6379105909159118,0.6434374472654423,0.7446808510638298,0.5384615384615384,0.3874875837571862,0.44680851063829785,0.6774193548387096,168,20,52,42,0.10638297872340426
4096,0.011696672067046165,3.031196355819702,1.0,1,376,752,94,188,RandomForest,5,roc_auc,0.8749704759691724,"{""max_depth"": 10, ""n_estimators"": 500}",8.312679290771484,0.050272464752197266,0.8628338614757809,0.6715093070668895,0.6790227010860663,0.7340425531914894,0.5098039215686274,0.35754816901661707,0.4148936170212766,0.6610169491525424,168,20,55,39,0.10638297872340426
4096,0.011696672067046165,3.031196355819702,1.0,2,376,752,94,188,XGBoost,5,roc_auc,0.9204747670500755,"{""learning_rate"": 0.03, ""max_depth"": 3, ""n_estimators"": 300}",9.782008171081543,0.004904270172119141,0.9075656405613399,0.7805055118714563,0.7823700550372195,0.8156028368794326,0.7078651685393258,0.5757077330897978,0.6702127659574468,0.75,167,21,31,63,0.11170212765957446
4096,0.011696672067046165,3.031196355819702,1.0,2,376,752,94,188,LogReg,5,roc_auc,0.8534474729871036,"{""C"": 0.01}",8.00757122039795,0.004270315170288086,0.8668515165233137,0.72304151173652,0.7256226325980217,0.7659574468085106,0.6024096385542169,0.4485426135725302,0.5319148936170213,0.6944444444444444,166,22,44,50,0.11702127659574468
4096,0.011696672067046165,3.031196355819702,1.0,2,376,752,94,188,SVM,5,roc_auc,0.8317834196971458,"{""C"": 0.1, ""kernel"": ""linear""}",120.69823384284973,0.09986352920532227,0.8446695337256678,0.7228431300541275,0.7247057648217485,0.74822695035461,0.5748502994011976,0.40645154410416523,0.5106382978723404,0.6575342465753424,163,25,46,48,0.13297872340425532
4096,0.011696672067046165,3.031196355819702,1.0,2,376,752,94,188,RandomForest,5,roc_auc,0.8795179876844429,"{""max_depth"": 10, ""n_estimators"": 200}",7.898472309112549,0.03474092483520508,0.8500452693526482,0.6494100244679736,0.6570882056305656,0.7198581560283688,0.45517241379310347,0.3127052419976417,0.35106382978723405,0.6470588235294118,170,18,61,33,0.09574468085106383
